cc_id,cc_name,family,replay_level,sections_seen,portal_url,probe_course,notes,evidence
121,Antelope Valley College,banner_ssb_classic,L0,True,https://ssb.avc.edu/AVCPROD/pw_pub_sched.p_listthislist,"MATH (subject-wide, Fall 2026, term=202670)","Banner 8 public self-service, custom action names (pw_pub_sched.p_listthislist) rather than the more common bwckschd.p_get_crse_unsec, but same family/behavior: single stateless POST, no cookies or tokens required. Term codes visible as <option> values on GET https://ssb.avc.edu/AVCPROD/pw_pub_sched.p_Search (Fall 2026 = 202670). No district sharing (standalone college).","curl -X POST https://ssb.avc.edu/AVCPROD/pw_pub_sched.p_listthislist -d term=202670&term_desc=Fall+2026&sel_subj=MATH&sel_day=dummy&sel_schd=dummy&sel_ism=%25&sel_sess=dummy&sel_ptrm=%25&sel_camp=%25&sel_instr=%25&begin_hh=5&begin_mi=0&begin_ap=a&end_hh=11&end_mi=0&end_ap=p&IsOpen=N&IsOnline=N&IsShrtTrm=N&isZtc=N -> 217KB HTML with real MATH course rows (MATH 049S, 103, 110, 116, 120, 124, 128, 13"
92,Santa Barbara City College,banner_ssb_classic,L0,True,https://banner.sbcc.edu/ords/ssb/pw_pub_sched.p_listthislist,"MATH (subject-wide, 63 sections)","Family is a Banner 8-era self-service hosted on Oracle ORDS (banner.sbcc.edu/ords/ssb/pw_pub_sched.*) rather than the classic bwckschd.p_* mod_plsql package, but same replay shape as banner_ssb_classic (plain GET/POST form fields, no session/cookie needed) with different procedure names (pw_pub_sched.p_search / p_listthislist instead of bwckschd.p_disp_dyn_sched / p_get_crse_unsec). Important quir",curl -sL -A 'Mozilla/5.0' 'https://banner.sbcc.edu/ords/ssb/pw_pub_sched.p_listthislist?TERM=202730&TERM_DESC=Fall+2026&sel_subj=dummy&sel_day=dummy&sel_schd=dummy&sel_camp=dummy&sel_ism=dummy&sel_sess=dummy&sel_instr=dummy&sel_ptrm=dummy&level=CR&sel_attr=dummy&sel_subj=MATH&sel_crse=&sel_crn=&sel_title=&sel_ptrm=%25&sel_ism=%25&sel_instr=%25&sel_attr=%25&begin_hh=5&begin_mi=0&begin_ap=a&end_hh=1
27,American River College,custom_html,L0,True,https://hub.losrios.edu/classSearch/getCourses.php,"MATH (subject-wide, Fall 2026, strm=1269)","Shared district portal for all Los Rios colleges (American River, Cosumnes River, Folsom Lake, Sacramento City) at hub.losrios.edu; college selected via <college>Filter=true and href=<subdomain> (e.g. arcFilter/crcFilter/flcFilter/sccFilter). Term code (strm) is a Los Rios-specific PeopleSoft term number (Fall 2026=1269) scraped from the page's radio button HTML, not derivable formulaically -- mus","curl https://hub.losrios.edu/classSearch/getCourses.php?arcFilter=true&subjectFilters=MATH&strm=1269&href=arc&offset=0&first=1 (plus other filter params blank/false) -> HTML fragment, no cookies/tokens needed, totalResults=110, includes real course rows e.g. MATH 300"
142,Cosumnes River College,custom_html,L0,True,https://hub.losrios.edu/classSearch/getCourses.php,MATH,"Los Rios CCD shared endpoint at hub.losrios.edu serves all 4 colleges (American River=arcFilter, Cosumnes River=crcFilter, Folsom Lake=flcFilter, Sacramento City=sccFilter) via boolean filter flags in the query string; backend is PeopleSoft (visible SQL references LROC.PS_XML2, ACAD_CAREER). Response is server-rendered HTML (not JSON) but trivially parseable and returned by a single stateless GET ","curl 'https://hub.losrios.edu/classSearch/getCourses.php?crcFilter=true&arcFilter=false&flcFilter=false&sccFilter=false&searchBar=MATH&offset=0&first=1' -> HTTP 200 HTML fragment with '229 results', real class cards e.g. MATH 74 Statistics/Geometry Skills Lab, LAB 13314, In Person, Cosumnes River College / Main Campus. No cookies needed. Server defaults to current STRM (1273) when strm param omitt"
51,Foothill College,custom_html,L0,True,https://foothill.edu/schedule/index.html,MATH,"Foothill-De Anza CCD (FHDA) college. Form fields: dept='MATH|Mathematics' (pipe-delimited code|label), Quarter='2026F' (YYYYQ: F=Fall,M=Summer,W=Winter,S=Spring). Custom OmniUpdate-CMS-hosted server-side search, distinct from De Anza's portal (different subdomain/app, not verified shared).","curl 'https://foothill.edu/schedule/index.html?dept=MATH%7CMathematics&Quarter=2026F' -> 200, 456KB HTML with 96 MATH course/section blocks incl real CRNs (e.g. CRN: 21567) and meeting details. Plain GET, no cookies/tokens/JS needed - server renders results directly from query string."
18,Las Positas College,custom_html,L0,True,https://banssprod.clpccd.cc.ca.us/clpccd/2026/02/l/sched_math.htm,MATH 1 (Calculus I),"Chabot-Las Positas CCD (CLPCCD) publishes the whole schedule as static pre-rendered per-subject HTML pages at a predictable path /clpccd/<year>/<term#>/<campus-letter>/sched_<subj>.htm (l=Las Positas, seen 'c' likely=Chabot). No search endpoint needed at all - this is effectively the most replayable pattern seen in this chunk (L0). A real Banner SSB host also exists at banssprod.clpccd.cc.ca.us (b","curl 'https://banssprod.clpccd.cc.ca.us/clpccd/2026/02/l/sched_math.htm' -> 200, 189KB static HTML table with real rows, e.g. CRN 20106, MATH 1 'Calculus I', Sec D01, 5.00 units, MWF 09:40-11:15AM, Bldg L1000 Rm 1003, Instructor 'ALAIN OLAVARRIETA', Las Positas College campus. No cookies, no params, no JS."
111,College of Alameda,custom_json,L0,True,https://alameda.edu/_hcms/api/searchFilterGraphql,ALL (subject filter arg name not yet found; unfiltered query returns real rows incl campus=Alameda),"Peralta CCD shared HubSpot-CMS-hosted GraphQL API (react widget on peralta.edu/coa-online-schedule and alameda.edu/coa-online-schedule), backed by custom CRM object crm_p_classes (synced from PeopleSoft via Skyvia). District: Alameda, Laney, Merritt, Berkeley City College all share this one endpoint, filtered by campus field. Attempted filter arg {subject:{eq:""MATH""}} -> GraphQL validation error (","curl -X POST https://alameda.edu/_hcms/api/searchFilterGraphql -H ""Content-Type: application/json"" -d '{""query"":""query { CRM { p_classes_collection(limit: 3) { total items { subject catalog_nbr course_title_long class_section campus strm_descr } } } }""}' -> HTTP 200 JSON {total:6918, items:[...]}. No cookies/session needed; plain POST GraphQL."
71,Cypress College,custom_json,L0,True,https://schedule.nocccd.edu/?college=1,MATH,"District-shared NOCCCD custom app (schedule.nocccd.edu) serving Cypress College, Fullerton College, and NOCE (North Orange Continuing Education) via ?college=1/2 and college-independent data files filtered client-side by sectCampCode. term code format YYYYNN (202610=Fall2026,202620=Winter/Spring2027,202615=NOCE Fall2026). Entire dataset downloadable in ~3 static JSON GETs (terms/courses/sections) ","curl https://schedule.nocccd.edu/data/terms.json -> [{termCode:202610,termDesc:'Fall 2026'},...]; curl https://schedule.nocccd.edu/data/202610/courses.json -> JSON array of 1663 courses incl 39 MATH courses (no auth); curl https://schedule.nocccd.edu/data/202610/sections.json -> 3927 section objects with sectCampCode ('1'=Cypress,'2'=Fullerton per campus.json); no cookies/tokens needed, pure stati"
134,Fullerton College,custom_json,L0,True,https://schedule.nocccd.edu/?college=2,MATH,District-shared NOCCCD custom portal (schedule.nocccd.edu) also serving Cypress College and NOCE. See Cuesta/Cypress entries for shared evidence; identical replay mechanism.,"Same NOCCCD district app as Cypress College. curl https://schedule.nocccd.edu/data/202610/sections.json -> 3927 sections; filter sectCampCode=='2' for Fullerton (campus.json: {campCode:2,campDesc:'Fullerton College'}). No auth/cookies needed."
107,Imperial Valley College,custom_json,L0,True,https://imperial.courses.civitaslearning.com/,not isolated per-course (Snappy-compressed columns),"Entire course/section catalog is shipped to the client as a single static Parquet file queried client-side (DuckDB-wasm style) rather than via a request-response API - about as replayable as it gets: one GET, no params, no session. Column data is Snappy-compressed so a full parse needs a parquet reader (e.g. pyarrow/duckdb) rather than plain string search; did not confirm a MATH-specific row withi","curl 'https://imperial.courses.civitaslearning.com/' -> 200 but only a 1.4KB React SPA shell; its loader (assets/index-*.js) does `fetch(""/section.parquet"")` before mounting the app. curl 'https://imperial.courses.civitaslearning.com/section.parquet' -> 200, 131KB file, magic bytes PAR1...PAR1 (valid Apache Parquet), `strings` shows plaintext dictionary values like 'Fall 2025' confirming real term"
149,Moreno Valley College,custom_json,L0,True,https://apps-studentrcc.msappproxy.net/schedule/_api/web/lists/getByTitle('ScheduleData_{RIV|NOR|MOV}')/items,MATH-C2220 (Fall 2026),"District: Riverside CCD (Moreno Valley College, Riverside City College, Norco College) share one Colleague Self-Service instance at myportal.rccd.edu, but unlike Mendocino College or SCCCD's selfservice.scccd.edu, RCCD's instance has NO anonymous/guest path -- every /Student/... route redirects to SAML SSO login. So this is colleague_selfservice family but L3 (login required), not replayable with ","CORRECTED BY HAND 2026-09-22: browser network capture showed anonymous SharePoint OData API; curl GET with $filter=Term eq '26FAL' and Primary_x0020_Subject eq 'MATH-C2220' returned 4 sections with days/times/instructor/seats, no cookies."
148,Norco College,custom_json,L0,True,https://apps-studentrcc.msappproxy.net/schedule/_api/web/lists/getByTitle('ScheduleData_{RIV|NOR|MOV}')/items,MATH-C2220 (Fall 2026),"RCCD (Riverside Community College District: Riverside City College, Norco College, Moreno Valley College) 'Class Finder' custom app is hosted behind msappproxy.net (Azure AD App Proxy) - a strong signal that the search API itself requires SSO login, making it effectively non-replayable with plain HTTP. RCCD also publishes a static 'Schedule of Classes Lite' PDF at https://docrepo.rccd.edu/soc/SoCL","CORRECTED BY HAND 2026-09-22: browser network capture showed anonymous SharePoint OData API; curl GET with $filter=Term eq '26FAL' and Primary_x0020_Subject eq 'MATH-C2220' returned 4 sections with days/times/instructor/seats, no cookies."
78,Riverside City College,custom_json,L0,True,https://apps-studentrcc.msappproxy.net/schedule/_api/web/lists/getByTitle('ScheduleData_{RIV|NOR|MOV}')/items,MATH-C2220 (Fall 2026),"District: RCCD (Riverside City College, Norco College, Moreno Valley College) - all 3 campuses share the same msappproxy-fronted Class Finder. RCCD also has a static PDF fallback 'Schedule of Classes Lite' at https://docrepo.rccd.edu/soc/SoCLite.pdf (per-campus PDF codenames like 26fal-nc.pdf for Norco; presumably a similar one for Riverside). | Survey grade L3 was inferred from the msappproxy hos","CORRECTED BY HAND 2026-09-22: browser network capture showed anonymous SharePoint OData API; curl GET with $filter=Term eq '26FAL' and Primary_x0020_Subject eq 'MATH-C2220' returned 4 sections with days/times/instructor/seats, no cookies."
131,San Bernardino Valley College,custom_json,L0,True,https://www.valleycollege.edu/_resources/php/courses/open-json.php,MATH-102,"Front-end is a WordPress 'eSchedule' widget (eschedule.js) that loads the entire term's schedule in one GET, then filters client-side. Same page also links to district Colleague Self-Service at colss-prod.ec.sbccd.edu/Student (SBCCD district, shared with Crafton Hills College) for live/registration data, but the static JSON dump alone is sufficient for search replay.",curl -sL -A 'Mozilla/5.0' 'https://www.valleycollege.edu/_resources/php/courses/open-json.php' -> single JSON (~4.5MB) keyed by term (2026FA) -> eschedule -> subject (MATH) -> Courses{} with full CrsID/CrsName/CrsTitle/sections. No cookies or params needed.
109,San Joaquin Delta College,custom_json,L0,True,https://deltacollege.search.collegescheduler.com (UI) / https://api.collegescheduler.com/graphql (data),MATH 1 (Calculus I),"Public course-search widget is hosted on deltacollege.search.collegescheduler.com (React/Relay SPA); actual GraphQL API lives on a shared multi-tenant host api.collegescheduler.com/graphql, tenant selected via 'environment' arg = college slug (""deltacollege""), no auth/session required (Origin header alone was sufficient; even omitting it worked). Separate 'MyDelta'/collegescheduler.com (no 'search","curl -sL -A ""Mozilla/5.0"" -X POST ""https://api.collegescheduler.com/graphql"" -H ""Content-Type: application/json"" -H ""Origin: https://deltacollege.search.collegescheduler.com"" -d '{""query"":""query Q($environment:String!,$termCode:String!,$q:String){environment(name:$environment){findCourses(termCode:$termCode,first:5,query:$q){edges{node{id courseNumber title subject{id}}}}}}"",""variables"":{""environm"
58,Vista Community College,custom_json,L0,True,https://www.berkeleycitycollege.edu/_hcms/api/searchFilterGraphql,"MATH (search=MATH, free-text search, not a strict subject filter)","cc_id 58 'Vista Community College' is the pre-2006 name of Berkeley City College (renamed; confirmed via mgrep/Wikipedia). Part of Peralta CCD (Berkeley City College, College of Alameda, Laney College, Merritt College) which shares one system: registration itself is PeopleSoft Campus Solutions, but the public schedule search is a HubSpot-CMS-hosted React widget ('react-class-schedule') backed by a","curl -sL -A 'Mozilla/5.0' 'https://www.berkeleycitycollege.edu/_hcms/api/searchFilterGraphql?search=MATH&limit=20&offset=0' -> HTTP 200 JSON {data.CRM.p_classes_collection.items:[...]} with real section rows (class_nbr, subject, catalog_nbr, instructor_name, times, room, enrl_cap/enrl_tot, strm_descr='2026 Fall'). No cookies, tokens, or bootstrap needed -- a single GET returns data directly."
80,West Valley College,custom_json,L0,True,https://schedule.wvm.edu/data/<term_code>/crns.json,MATH (client-side filter of full crns.json dump),"West Valley-Mission CCD (WVMCCD) shares this one static-JSON schedule site (schedule.wvm.edu) across West Valley College (campus code WVC) and Mission College (presumably campus code MC or similar, not directly confirmed here). Term code = year + 2-digit season code: spring=30, summer=50, fall=70 (e.g. 202670 = Fall 2026), per this repo's existing wvm_static.py. This is the easiest/most replayable","curl -sL -A 'Mozilla/5.0' https://schedule.wvm.edu/data/202670/crns.json -> HTTP 200, ~3.8MB JSON array of 2057 rows (all subjects, whole district), 47 MATH rows including real section data (CRN 70907, SUBJ_CODE MATH, CRSE_NUMB 000D, SSBSECT_SEATS_AVAIL 3, SSBSECT_CAMP_CODE 'WVC'). No cookies/auth needed -- a single static-file GET returns the entire dataset; filtering by subject/course/campus is "
28,Contra Costa College,vsb,L0,True,https://vsb.4cd.edu/api/class-data,MATH-120,"Contra Costa CCD (4CD) shared Visual Schedule Builder instance vsb.4cd.edu covers Contra Costa College (CCC), Diablo Valley College (DVC), Los Medanos College (LMC) - campus distinguished by campus attribute on each <block>. t/e params are a simple derived checksum of current minute (t=floor(unixtime/60)%1000, e=t%3+t%39+t%42), not a real anti-bot token - fully computable client-side, no session n","curl 'https://vsb.4cd.edu/api/class-data?term=202630&course_0_0=MATH-120&va_0_0=&rq_0_0=&nouser=1&t=<minute%1000>&e=<checksum>' -> HTTP 200 XML <classdata> with real <course key=MATH-120 faculty='G. Long; M. Hardak-Inberg'><uselection><block secNo=3208 os=13 me=35 campus=CCC location=GE*108 im=03 .../></uselection></course>. No cookies, single GET."
32,Mission College,wvm_static,L0,True,https://schedule.wvm.edu/data/202670/crns.json,MAT (subject-level; e.g. general math sections at campus MC),"District: West Valley-Mission CCD. This repo already implements this exact family (src/schedule/wvm_static.py, WvmStaticProvider) for West Valley College (cc_id 80, base_url https://schedule.wvm.edu); Mission College should be added to colleges.json with the same base_url and locations=['MC']. Term code format is YYYY + season suffix (spring=30, summer=50, fall=70); 202670 = Fall 2026 confirmed va","curl -A Mozilla/5.0 'https://schedule.wvm.edu/data/202670/crns.json' -> HTTP 200, 3.8MB static JSON array of 2057 rows for the whole West Valley-Mission CCD, filterable client-side by SSBSECT_CAMP_CODE=='MC' (Mission College) vs 'WVC' (West Valley College). 882 MC rows found, subjects include MAT (math), STAT, ENGL, etc. Single unauthenticated GET, no cookies/tokens."
110,Allan Hancock College,banner9_ssb,L1,True,https://ssb.hancockcollege.edu/StudentRegistrationSsb/ssb/classSearch/classSearch,"MATH (subject-wide, Fall 2026, term=202720)",Standalone Banner 9 SSB instance at ssb.hancockcollege.edu. No district sharing.,"GET .../classSearch/getTerms -> term list; GET .../term/termSelection?mode=search (cookie); POST .../term/search?mode=search -d term=202720; GET .../searchResults/searchResults?txt_subject=MATH&txt_term=202720&pageMaxSize=5 -> JSON data[] totalCount=42, first row title Nature of Modern Mathematics"
84,Bakersfield College,banner9_ssb,L1,True,https://reg-prod.ec.kccd.edu/StudentRegistrationSsb/ssb/classSearch/classSearch,"MATH (subject-wide, Fall 2026, term=202670)","Shared Kern CCD district portal (reg-prod.ec.kccd.edu) used by Bakersfield College, Cerro Coso Community College, and Porterville College. Filter by campus code via txt_campus (BC campuses use codes starting with B, e.g. BB=BC Main Campus; Cerro Coso uses codes starting with C, e.g. CU=CC Bishop, CR=CC Ridgecrest; Porterville uses P-prefixed codes). See GET .../classSearch/get_campus for full list","GET .../classSearch/getTerms -> term list; GET .../term/termSelection?mode=search (cookie); POST .../term/search?mode=search -d term=202670; GET .../searchResults/searchResults?txt_subject=MATH&txt_term=202670&pageMaxSize=5 -> JSON data[] totalCount=154, campusDescription includes BC Main Campus / BC Southwest Campus"
20,Barstow Community College,banner9_ssb,L1,True,https://ssbprod2.barstow.edu:8443/StudentRegistrationSsb/ssb/classSearch/classSearch,"MATH (subject-wide, Fall 2026, term=202607)","Standalone Banner 9 SSB instance at ssbprod2.barstow.edu:8443 (port 8443). Note there is also a legacy Banner 8 endpoint at myssb.barstow.edu:4443/PROD/twbkwbis.P_GenMenu (unsecured menu) still linked from the register-classes page, but the modern search is Banner 9 SSB. No district sharing.","GET .../classSearch/getTerms -> term list; GET .../term/termSelection?mode=search (cookie); POST .../term/search?mode=search -d term=202607; GET .../searchResults/searchResults?txt_subject=MATH&txt_term=202607&pageMaxSize=5 -> JSON data[] totalCount=19, first row title Trigonometry"
9,Cerro Coso Community College,banner9_ssb,L1,True,https://reg-prod.ec.kccd.edu/StudentRegistrationSsb/ssb/classSearch/classSearch,"MATH (subject-wide, Fall 2026, term=202670, campus codes CU/CT/CS/CV/CR/CW etc.)","Cerro Coso Community College is part of Kern CCD and shares reg-prod.ec.kccd.edu with Bakersfield College and Porterville College. Campus codes for Cerro Coso locations: CU=CC Bishop, CT=CC East Kern, CS=CC Kern River, CV=CC Mammoth Lakes, CR=CC Ridgecrest, CW=CC Online (see .../classSearch/get_campus).","Same shared Kern CCD portal verified for Bakersfield College (reg-prod.ec.kccd.edu); campus filter txt_campus=CR (CC Ridgecrest) etc. distinguishes Cerro Coso sections within the shared search results. Did not re-run a full separate probe (time budget) since portal/session mechanics are identical to Bakersfield College, confirmed live with getTerms/term-search/searchResults chain."
33,City College of San Francisco,banner9_ssb,L1,True,https://ssb1.ccsf.edu:8105/StudentRegistrationSsb/ssb/classSearch/classSearch,"MATH (subject-wide, Fall 2025)","Codebase labels this banner_ssb_classic but URL pattern is /StudentRegistrationSsb/ssb/ (Banner 9 SSB per brief taxonomy). Port 8105. Current live terms (Fall 2026 202670) returned 0 rows -- schedule not yet published; Fall 2025 (202570, view-only/past) returned real data confirming replay works once a term has data. No district sharing (standalone).",GET .../classSearch/getTerms -> term codes; GET .../term/termSelection?mode=search (cookie); POST .../term/search?mode=search -d term=202570; GET .../searchResults/searchResults?txt_subject=MATH&txt_term=202570&pageMaxSize=5 -> JSON data[] totalCount=88
5,College of San Mateo,banner9_ssb,L1,True,https://phx-ban-apps.smccd.edu/StudentRegistrationSsb/ssb/classSearch/classSearch,MATH 125,"San Mateo County CCD (SMCCD) shared Banner 9 SSB instance at phx-ban-apps.smccd.edu covers CSM, Skyline College, and Canada College (campusDescription field distinguishes). Term codes: YYYY+08=Fall, +03=Spring, +05=Summer (202608=Fall2026, 202603=Spring2026). Fall 2026 (202608) term returned 0 results (not yet published); Spring 2026 (202603, marked View Only) had live data. Separate api.smccd.edu","curl -c jar -b jar GET .../classSearch/classSearch (bootstrap); POST .../term/search?mode=search -d term=202603; curl -b jar '.../searchResults/searchResults?txt_term=202603&txt_subject=MATH&pageOffset=0&pageMaxSize=10' -> JSON {success:true, totalCount:104, data:[{courseNumber:125, subject:MATH, courseTitle:'Elementary Finite Mathematics', enrollment:23, seatsAvailable:12, campusDescription:'Coll"
153,Compton College,banner9_ssb,L1,True,https://cmptn-prod-pxes02.banner.elluciancloud.com:8090/StudentRegistrationSsb/ssb/classSearch/classSearch,MATH 100,"Single college (Compton CCD), Banner 9 SSB hosted on Elluciancloud (cmptn-prod-pxes02.banner.elluciancloud.com:8090). Term codes YYYY+70=Fall, +30=Spring, +50=Summer, +10=Winter. Worked cleanly on first attempt.","curl -c jar GET classSearch/classSearch -> 200; POST term/search?mode=search -d term=202630; curl -b jar 'searchResults/searchResults?txt_term=202630&txt_subject=MATH&pageOffset=0&pageMaxSize=10' -> JSON {success:true, totalCount:16, data:[{courseNumber:100, courseTitle:'Supervised Tutoring: Mathematics', campusDescription:'Compton', enrollment:57, seatsAvailable:43,...}]}"
16,Cuesta College,banner9_ssb,L1,True,https://ssb2.cuesta.edu/StudentRegistrationSsb/ssb/classSearch/classSearch,MATH,"term code 202607 = Fall 2026 (YYYY + 07 for fall observed); no district sharing, single college","curl -c jar -A Mozilla/5.0 https://ssb2.cuesta.edu/StudentRegistrationSsb/ssb/term/termSelection?mode=search (200, cookie); curl -b jar https://ssb2.cuesta.edu/StudentRegistrationSsb/ssb/classSearch/getTerms -> term codes; curl -b jar -X POST term/search?mode=search -d term=202607 -> {fwdURL:...}; curl -b jar searchResults/searchResults?txt_term=202607\&txt_subject=MATH\&pageMaxSize=10 -> JSON dat"
122,Feather River College,banner9_ssb,L1,False,https://sfsc-prod-pxes02.banner.elluciancloud.com:8090/StudentRegistrationSsb/ssb/classSearch/classSearch,MATH,"IMPORTANT GOTCHA: the college's own site www.frc.edu/StudentRegistrationSsb/... returns 302->lowercased path->404 because the Campus Suite CMS front-end lowercases URLs, breaking Banner's case-sensitive routing. The real working Banner instance is hosted directly on Ellucian Cloud at sfsc-prod-pxes02.banner.elluciancloud.com:8090 (found via web search, not linked from frc.edu pages). Must bypass t","curl -c jar https://sfsc-prod-pxes02.banner.elluciancloud.com:8090/StudentRegistrationSsb/ssb/term/termSelection?mode=search -> 200; getTerms -> [{code:202710,description:'Fall Term 2026...'}]; POST term/search?mode=search -d term=202710 -> {fwdURL:...}; GET searchResults/searchResults?txt_term=202710&txt_subject=MATH&pageMaxSize=10 -> 200 JSON but totalCount:0 (also 0 with no subject filter at al"
62,Mount San Antonio College,banner9_ssb,L1,True,https://prodrg.mtsac.edu/StudentRegistrationSsb/ssb/classSearch/classSearch,MATH 100,"This repo already implements this exact provider (src/schedule/banner_ssb_classic.py, despite the filename it targets Banner 9 StudentRegistrationSsb, not the legacy Banner 8 bwckschd family) and colleges.json already lists Mt. SAC (cc_id 62, base_url https://prodrg.mtsac.edu). Single college, no shared district portal. 3-step recipe matches the brief's documented banner9_ssb template exactly.",python requests with a cookie-jar session: GET https://prodrg.mtsac.edu/StudentRegistrationSsb/ssb/classSearch/getTerms?searchTerm=&offset=1&max=50 -> 200 JSON term list (202620='Fall 2026'). GET .../ssb/term/termSelection?mode=search then POST .../ssb/term/search?mode=search data={term:'202620'} -> 200 (binds term to session cookie). GET .../ssb/searchResults/searchResults?txt_subject=MATH&txt_co
125,Porterville College,banner9_ssb,L1,True,https://reg-prod.ec.kccd.edu/StudentRegistrationSsb/ssb/classSearch/classSearch,MATH,"Kern Community College District (Bakersfield College, Porterville College, Cerro Coso College) shares one Banner 9 SSB instance at reg-prod.ec.kccd.edu. Campus filtering by course prefix letter (P=Porterville, B=Bakersfield, C=Cerro Coso) rather than a campus query param in this quick test - would need to inspect classSearch/get_campus or similar for a campus code to scope results to Porterville o","curl -c jar 'https://reg-prod.ec.kccd.edu/StudentRegistrationSsb/ssb/classSearch/classSearch' -> 200; curl -b jar -c jar -X POST -d term=202630 '.../ssb/term/search?mode=search' -> 200 {""fwdURL"":""/StudentRegistrationSsb/ssb/classSearch/classSearch""}; curl -b jar '.../ssb/searchResults/searchResults?txt_term=202630&txt_subject=MATH&pageMaxSize=10' -> HTTP 200 JSON {success:true, totalCount:149, dat"
93,Sierra College,banner9_ssb,L1,True,https://ss.oci.sierracollege.edu/StudentRegistrationSsb/ssb/searchResults/searchResults,"MATH 0011 (Data Science for All, CRN 84183)","Sierra College also has a legacy Banner 8 ORDS endpoint still reachable at https://ssb.sierracollege.edu:8810/PROD/pw_sigsched.p_Search (500 error without a term param) but the college has migrated its public-facing registration to Banner 9 SSB at ss.oci.sierracollege.edu, which is the one linked from the live site -- use that. Single college, no district sharing. Textbook match for the banner9_ss","curl -c jar 'https://ss.oci.sierracollege.edu/StudentRegistrationSsb/ssb/classSearch/getTerms?searchTerm=&offset=1&max=10' -> [{code:202680, description:'Fall 2026'},...]; curl -b jar -c jar -X POST 'https://ss.oci.sierracollege.edu/StudentRegistrationSsb/ssb/term/search?mode=search' -d term=202680 -> {fwdURL:'/StudentRegistrationSsb/ssb/classSearch/classSearch'}; curl -b jar 'https://ss.oci.sierr"
94,Solano Community College,banner9_ssb,L1,True,https://reg-prod.solano.elluciancloud.com:8118/StudentRegistrationSsb/ssb/searchResults/searchResults,"MATH 002 (College Algebra for Calculus, CRN 80846)","Solano migrated from a legacy on-prem Banner 8 mod_plsql install (ssb.solano.edu/PROD/syk_class_finder.p_basic_search, per an old cached link -- host now times out/unreachable, likely decommissioned) to Ellucian's Banner 9 SSB SaaS/cloud offering, hosted on a non-standard port 8118 at reg-prod.solano.elluciancloud.com. Single college, no district sharing. Otherwise a textbook banner9_ssb match for","curl -c jar 'https://reg-prod.solano.elluciancloud.com:8118/StudentRegistrationSsb/ssb/classSearch/getTerms?searchTerm=&offset=1&max=10' -> [{code:202680, description:'Fall 2026'},...]; curl -b jar -c jar -X POST '.../StudentRegistrationSsb/ssb/term/search?mode=search' -d term=202680 -> 200; curl -b jar '.../StudentRegistrationSsb/ssb/searchResults/searchResults?txt_term=202680&txt_subject=MATH&pa"
8,Butte College,colleague_selfservice,L1,True,https://selfservice.butte.edu/Student/Courses/Search,MATH 1 (term 2026FA),"Corrected from an earlier probe attempt: the fix was (1) include a course number in keyword (e.g. 'MATH 1', not bare 'MATH'), and (2) discover the exact term code string via a CatalogListing call's TermFilters[].Value before doing a SectionListing search (Butte uses '2026FA', no slash -- differs from Chaffey's '2026/FA', so term-code format must be discovered per-institution, not assumed). No __Re","GET https://selfservice.butte.edu/Student/Courses/Search -> cookie; POST .../Student/Courses/PostSearchCriteria JSON {keyword:'MATH 1',pageNumber:1,quantityPerPage:20,searchResultsView:'CatalogListing',terms:[],locations:[]} -> TotalItems=488, TermFilters shows term codes (2026FA=Fall 2026, 2027SP, 2026SU, 2027IW); then {..., searchResultsView:'SectionListing', terms:['2026FA']} -> TotalItems=696,"
41,Cabrillo College,colleague_selfservice,L1,True,https://cabrillo-ss.colleague.elluciancloud.com/Student/Courses/Search,MATH 1 (term 2026FA),"Corrected from earlier probe: fix was including a course number in keyword ('MATH 1') and using the exact term code discovered from a CatalogListing call's TermFilters (Cabrillo uses '2026FA', no slash). Ellucian-cloud-hosted Colleague Self-Service; __RequestVerificationToken header was not actually required for the POST to succeed. No district sharing (standalone college).","GET .../Student/Courses/search?terms=2026FA -> cookie; POST .../Student/Courses/PostSearchCriteria JSON {keyword:'MATH 1',searchResultsView:'CatalogListing',terms:[],locations:[]} -> TotalItems=111, TermFilters (2026FA=Fall 2026, 2027SP, 2026SU); then searchResultsView:'SectionListing', terms:['2026FA'] -> TotalItems=254, Sections[] returns 30 real section rows"
69,Chaffey College,colleague_selfservice,L1,True,https://colss-prod.ec.chaffey.edu/Student/Courses,"MATH 1 (keyword search, term 2026/FA)","Ellucian COLSS (same family this repo already calls banner for Evergreen Valley College). IMPORTANT: term code format here is '2026/FA' (with slash) not '2026FA' -- differs by Ellucian instance/district, get exact values from a CatalogListing response's TermFilters[].Value field first. Keyword must include a course number (e.g. 'MATH 1'), not just the bare subject code, or the API falls back to an","GET https://colss-prod.ec.chaffey.edu/Student/Courses/Search (cookie, no token needed for this call); POST .../Student/Courses/PostSearchCriteria JSON {keyword:'MATH 1',pageNumber:1,quantityPerPage:20,searchResultsView:'SectionListing',terms:['2026/FA'],locations:[]} -> HTTP 200 JSON TotalItems=440, Sections[] with real section objects incl. Term/StartDate/EndDate/RegistrationDates"
150,Clovis Community College,colleague_selfservice,L1,True,https://selfservice.scccd.edu/Student/Courses/Search,"MATH 1 (term 2026FA, location CCC)","Shared State Center CCD (SCCCD) district portal at selfservice.scccd.edu used by Fresno City College (FCC), Reedley College (RC), Clovis Community College (CCC), and Madera Community College (MCC), each with multiple online/hybrid/off-campus sub-codes (see Locations[] in a CatalogListing response for the full list). Term code format '2026FA' (no slash). Direct college website (cloviscollege.edu) r","GET https://selfservice.scccd.edu/Student/Courses/Search -> cookie; POST .../Student/Courses/PostSearchCriteria JSON {keyword:'MATH 1',searchResultsView:'CatalogListing',terms:[],locations:[]} -> TotalItems=545, Locations[] lists all district campus codes incl. CCC=Clovis Community College (82 matches); then {..., searchResultsView:'SectionListing', terms:['2026FA'], locations:['CCC']} -> TotalIte"
140,College of the Canyons,colleague_selfservice,L1,True,https://selfservice.canyons.edu/Student/Courses/Search,MATH 130,"Ellucian Colleague Self-Service, single college (Santa Clarita CCD). LocationCodes show multiple campuses (VLC=Valencia, CCC=Canyon Country). Worked on first try with cookie jar + token, no district sharing complexity.","curl -c jar GET /Student/Courses/Search -> 200, extract __RequestVerificationToken; curl -b jar -X POST /Student/Courses/PostSearchCriteria -H 'Content-Type: application/json' -H '__RequestVerificationToken: <token>' -d '{""subject"":[""MATH""],""pageNumber"":1,...}' -> HTTP 200 JSON {Courses:[{SubjectCode:MATH, Number:130, Title:'Math for Elementary Teachers', MatchingSectionIds:[...], LocationCodes:[V"
99,Cuyamaca College,colleague_selfservice,L1,True,https://selfservice.gcccd.edu/Student/Courses,MATH,District-shared Colleague Self-Service portal for Grossmont-Cuyamaca CCD: selfservice.gcccd.edu serves both Grossmont College (location code GC) and Cuyamaca College (location code CC). Direct fetch of www.cuyamaca.edu schedule pages returned 403 (WAF); had to go through selfservice subdomain.,"curl -c jar https://selfservice.gcccd.edu/Student/Courses/Search -> 200, __RequestVerificationToken; curl -b jar -H '__RequestVerificationToken: <token>' -H 'Content-Type: application/json' -X POST https://selfservice.gcccd.edu/Student/Courses/PostSearchCriteria -d '{""searchCriteria"":{""subjects"":[""MATH""],""locations"":[""CC""],...}}' -> 200 JSON with Courses[] (MatchingSectionIds present), TotalItems="
103,El Camino College,colleague_selfservice,L1,True,https://selfservice.elcamino.edu/Student/Courses,MATH,Single-college district (El Camino CCD). Same Colleague Self-Service pattern/schema as Cuyamaca/Grossmont (GCCCD) confirming this is a common vendor template - likely reusable POST template across many CA CCs on Ellucian Colleague.,"curl -c jar https://selfservice.elcamino.edu/Student/Courses/Search -> 200, __RequestVerificationToken present; curl -b jar -H '__RequestVerificationToken: <token>' -H 'Content-Type: application/json' -X POST https://selfservice.elcamino.edu/Student/Courses/PostSearchCriteria -d '{""searchCriteria"":{""subjects"":[""MATH""],...}}' -> 200 JSON, TotalItems=1463, Courses[] with section-linked MatchingSecti"
2,Evergreen Valley College,colleague_selfservice,L1,True,https://selfservice.sjeccd.edu/Student/Courses,MATH,District-shared Colleague Self-Service portal for San Jose Evergreen CCD (SJECCD): selfservice.sjeccd.edu serves both San Jose City College (location SJCC) and Evergreen Valley College (location EVC). NOTE: DNS host 'colss-prod.ec.sjeccd.edu' referenced by search results does not resolve; the working host is 'selfservice.sjeccd.edu'.,"curl -c jar https://selfservice.sjeccd.edu/Student/Courses/Search -> 200, __RequestVerificationToken present; curl -b jar -H '__RequestVerificationToken: <token>' -X POST https://selfservice.sjeccd.edu/Student/Courses/PostSearchCriteria -d '{""searchCriteria"":{""subjects"":[""MATH""],""locations"":[""EVC""],...}}' -> 200 JSON, TotalItems=1578, Locations facet: SJCC=San Jose City College (918), EVC=Evergree"
35,Fresno City College,colleague_selfservice,L1,True,https://selfservice.scccd.edu/Student/Courses,MATH,"District-shared Colleague Self-Service portal for State Center CCD (SCCCD): Fresno City College, Reedley College, and Madera Community College all share selfservice.scccd.edu with location codes FCC/RC/MCC (plus online/hybrid variants). Same Colleague schema pattern as Cuyamaca/El Camino.","curl -c jar https://selfservice.scccd.edu/Student/Courses/Search -> 200, __RequestVerificationToken present; curl -b jar -H '__RequestVerificationToken: <token>' -X POST https://selfservice.scccd.edu/Student/Courses/PostSearchCriteria -d '{""searchCriteria"":{""subjects"":[""MATH""],...}}' -> 200 JSON, TotalItems=3988, Locations facet: FCC=Fresno City College(1629), RC=Reedley College(1076), F.WEB=Fresn"
106,Grossmont College,colleague_selfservice,L1,True,https://selfservice.gcccd.edu/Student/Courses,MATH (keyword),"Grossmont-Cuyamaca CCD (GCCCD) shares selfservice.gcccd.edu with Cuyamaca College; distinguish via LocationCodes in the response (e.g. 'GC'=Grossmont). subjects:['MATH'] didn't cleanly filter (0 rows tagged SubjectCode=MATH; keyword matched broader text) - needs the correct Colleague subject GUID for a clean single-subject query, but the 2-step token flow itself is deterministic and confirmed work","curl -c jar 'https://selfservice.gcccd.edu/Student/Courses/Search' -> 200, HTML has __RequestVerificationToken hidden input; curl -b jar -H '__RequestVerificationToken: <token>' -H 'Content-Type: application/json' -X POST 'https://selfservice.gcccd.edu/Student/Courses/PostSearchCriteria' -d '{""searchParameters"":{""keyword"":""MATH"",""subjects"":[""MATH""],...}}' -> 200 JSON, 30 Course objects, several wi"
123,Hartnell College,colleague_selfservice,L1,True,https://stuserv.hartnell.edu/Student/Courses,MATH (keyword),"Same Colleague Self-Service pattern/deployment style as Grossmont, Lassen, Reedley/SCCCD and Lake Tahoe (identical anti-forgery token prefix 'CfDJ8B0GSlrVWN9Dn-qVRI-h8-...' seen across several of these hosts, suggesting a shared Ellucian-hosted-cloud key/infra across many CA CCs) -> L1.","curl -c jar 'https://stuserv.hartnell.edu/Student/Courses/Search' -> 200 with __RequestVerificationToken; curl -b jar -H '__RequestVerificationToken: <token>' -H 'Content-Type: application/json' -X POST 'https://stuserv.hartnell.edu/Student/Courses/PostSearchCriteria' -d '{""searchParameters"":{""keyword"":""MATH"",""subjects"":[""MATH""]}}' -> 200 JSON, 30 Course objects, 13 with non-empty MatchingSectionI"
36,Kings River College,colleague_selfservice,L1,False,https://selfservice.scccd.edu/student/courses,not posted (GET-only tested),"'Kings River College' is the historical name; the current institution is Reedley College, part of State Center Community College District (SCCCD) which also includes Fresno City College, Clovis Community College, Madera CC - all sharing selfservice.scccd.edu, distinguished by campus/location code in the search payload (untested which code = Reedley).",curl -c jar 'https://selfservice.scccd.edu/Student/Courses/Search' -> 200 with __RequestVerificationToken hidden input present (same Colleague Self-Service signature as Grossmont/Hartnell). POST search step not executed within time budget but the bootstrap step is confirmed identical to the working Hartnell/Grossmont flow.
40,Lake Tahoe Community College,colleague_selfservice,L1,False,https://ss.ltcc.edu:8183/Student/Courses/Search,not posted (GET-only tested),replay_level assigned L1 by strong family-signature match (same /Student/Courses/Search path as three other confirmed-working Colleague instances in this chunk) rather than by direct test; recommend a quick confirmation POST in a follow-up.,Found via schedule page link 'https://ss.ltcc.edu:8183/Student/Courses/Search'. Not fetched with curl in this pass (identified but bootstrap GET not executed) due to time budget after finding the LACCD/SOCCCD leads; URL pattern and port (:8183) match the standard Ellucian Colleague Self-Service '/Student/Courses/Search' signature used successfully at Grossmont/Hartnell/Reedley.
82,Lassen Community College,colleague_selfservice,L1,False,https://webadvisor.lassencollege.edu:8171/Student/Courses,not posted (GET-only tested),POST search step not executed within time budget; classified L1 on strong signature match plus successful bootstrap (token retrieved).,curl -c jar 'https://webadvisor.lassencollege.edu:8171/Student/Courses/Search' -> 200 with __RequestVerificationToken hidden input present (identical Colleague Self-Service signature/bootstrap as the working Grossmont/Hartnell POST flow).
200,Madera Community College,colleague_selfservice,L1,True,https://selfservice.scccd.edu/Student/Courses,"MATH (subject search, e.g. MATH 10A)","District: State Center CCD (SCCCD) shares one Colleague Self-Service instance at selfservice.scccd.edu across Clovis Community College (CCCSS), Fresno City College (FCCSS), Madera Community College (MCCSS), Reedley College (RCSS), plus Oakhurst Center (OCSS) and West Fresno Center (WFCSS) -- filter by the locations[] code per campus. Endpoint names differ slightly from the sjeccd Colleague deploym","python requests: GET https://selfservice.scccd.edu/Student/Courses/Search -> 200, scrape __RequestVerificationToken. GET https://selfservice.scccd.edu/Student/Courses/GetCatalogAdvancedSearch -> 200 JSON with Terms=[{2026FA,'Fall 2026'},...] and Locations incl {'MCCSS':'Madera Community College'}. POST https://selfservice.scccd.edu/Student/Courses/PostSearchCriteria json={keyword:'MATH', pageNumbe"
100,Mendocino College,colleague_selfservice,L1,False,https://service.mendocino.edu/Student/Courses,MATH (subject-level keyword; did not reach section rows),"Same Colleague Self-Service product as this repo's existing 'banner'/Ellucian provider (src/schedule/banner_ellucian.py) which targets colss-prod.ec.sjeccd.edu with the identical PostSearchCriteria payload shape ({keyword, pageNumber, quantityPerPage, searchResultsView, terms, locations}); that code does not send __RequestVerificationToken at all, so the working recipe may simply need locations po","GET https://service.mendocino.edu/Student/Courses/GetCatalogAdvancedSearchAsync -> 200 JSON with no cookie needed, exposes Subjects/Terms/Locations (current term Terms=[['2026FA','Fall 2026']]) -- this alone is L0 and gives everything needed to build a search. GET /Student/Courses/Search -> 200 HTML with __RequestVerificationToken. POST /Student/Courses/PostSearchCriteria with {keyword:'MATH', ter"
73,Napa Valley College,colleague_selfservice,L1,True,https://colss-prod.ec.napavalley.edu/Student/Courses/Search,MATH,"Canonical Colleague Self-Service at standard path (no /css/ prefix). Correct JSON body key is top-level 'Keyword' (not nested under 'searchParameters'). Guest/anonymous course search is enabled. District: none (standalone). Response is course-level with MatchingSectionIds; a follow-up call would be needed to expand section meeting times, but this single POST already returns real course/section ide","curl -c jar 'https://colss-prod.ec.napavalley.edu/Student/Courses/Search' -> 200, sets .ColleagueSelfServiceAntiforgery cookie + __RequestVerificationToken hidden input; curl -b jar -H 'Content-Type: application/json' -H '__RequestVerificationToken: <token>' -H 'X-Requested-With: XMLHttpRequest' --data-binary '{""Keyword"":""MATH""}' -X POST 'https://colss-prod.ec.napavalley.edu/Student/Courses/PostSe"
48,Ohlone College,colleague_selfservice,L1,True,https://selfservice.ohlone.edu:8443/Student/Courses/Search,MATH,"Standard-path Colleague Self-Service (non-standard port 8443, no /css/ prefix). Guest/anonymous search enabled, same working recipe as Napa Valley. District: none (standalone).","curl -c jar 'https://selfservice.ohlone.edu:8443/Student/Courses/Search' -> 200, sets .ColleagueSelfServiceAntiforgery cookie + __RequestVerificationToken hidden input; curl -b jar -H '__RequestVerificationToken: <token>' -H 'X-Requested-With: XMLHttpRequest' --data-binary '{""Keyword"":""MATH""}' -X POST 'https://selfservice.ohlone.edu:8443/Student/Courses/PostSearchCriteria' -> HTTP 200 JSON, Keywor"
14,Rancho Santiago College,colleague_selfservice,L1,True,https://colss-prod.cloud.rsccd.edu/Student/Courses/Search,MATH,"Rancho Santiago Community College District (Santa Ana College, Santiago Canyon College) shares one Colleague Self-Service instance at colss-prod.cloud.rsccd.edu (note: 'cloud' subdomain, not the more common 'ec' subdomain seen at Napa/MSJC). Same working recipe as Napa Valley/Ohlone. Guest search enabled.","curl 'https://sac.edu/selfservice' -> 301 to https://colss-prod.cloud.rsccd.edu/Student/; curl -c jar '.../Student/Courses/Search' -> 200, sets .ColleagueSelfServiceAntiforgery cookie + __RequestVerificationToken; curl -b jar -H '__RequestVerificationToken: <token>' -H 'X-Requested-With: XMLHttpRequest' --data-binary '{""Keyword"":""MATH""}' -X POST '.../Student/Courses/PostSearchCriteria' -> HTTP 200"
136,San Jose City College,colleague_selfservice,L1,True,https://selfservice.sjeccd.edu/Student/Courses/PostSearchCriteria,MATH (subject-wide),"SJECCD (San Jose-Evergreen CCD) district-wide Colleague Self-Service; district shares this host with Evergreen Valley College (already in repo colleges.json as base_url colss-prod.ec.sjeccd.edu, which now 404s/DNS-fails -- host moved to selfservice.sjeccd.edu, same /Student/Courses/... paths). Location code for SJCC is 'SJCC' (vs 'EVC' for Evergreen Valley). Repo's src/schedule/banner_ellucian.py ","curl -sL -A ""Mozilla/5.0"" -c jar ""https://selfservice.sjeccd.edu/Student/Courses/Search?keyword=MATH&Terms=2026FA&locations=SJCC"" -> HTML with __RequestVerificationToken; then curl -sL -A ""Mozilla/5.0"" -b jar -c jar -X POST ""https://selfservice.sjeccd.edu/Student/Courses/PostSearchCriteria"" -H ""Content-Type: application/json"" -H ""__RequestVerificationToken: <token>"" -H ""X-Requested-With: XMLHttpRe"
38,Shasta College,colleague_selfservice,L1,True,https://mysc.shastacollege.edu/Student/Courses/PostSearchCriteria,"MATH (subject-wide, 79 Fall 2026 sections)","Single-college Colleague Self-Service (no district sharing). Term code format is 'YYYYF/S/U' (season letter, not 2-letter code like '2026FA' used at other Colleague sites) -- confirms term code format varies per-college even within the same Ellucian product; always discover it from the TermFilters facet in an unfiltered response rather than guessing.","curl -sL -A 'Mozilla/5.0' -c jar 'https://mysc.shastacollege.edu/Student/Courses/Search?keyword=MATH' -> HTML with __RequestVerificationToken; then curl -sL -A 'Mozilla/5.0' -b jar -c jar -X POST 'https://mysc.shastacollege.edu/Student/Courses/PostSearchCriteria' -H 'Content-Type: application/json' -H '__RequestVerificationToken: <token>' -H 'X-Requested-With: XMLHttpRequest' -d '{""keyword"":""MATH"""
138,Southwestern College,colleague_selfservice,L1,True,https://collselfserv.swccd.edu/Student/Courses/PostSearchCriteria,"MATH (subject-wide, 342 Fall 2026 sections)","Single-college district (Southwestern CCD, Chula Vista). Term code format here is 'YY/SEASON' (e.g. '26/FA', '26/SU') -- yet another distinct Colleague term-code convention from Shasta ('2026F') and SJCC ('2026FA'); confirms term codes must always be discovered per-college via the TermFilters facet in an unfiltered response, never assumed. Same request shape as other Colleague Self-Service college","curl -sL -A 'Mozilla/5.0' -c jar 'https://collselfserv.swccd.edu/Student/Courses/Search?keyword=MATH' -> HTML with __RequestVerificationToken; then curl -sL -A 'Mozilla/5.0' -b jar -c jar -X POST 'https://collselfserv.swccd.edu/Student/Courses/PostSearchCriteria' -H 'Content-Type: application/json' -H '__RequestVerificationToken: <token>' -H 'X-Requested-With: XMLHttpRequest' -d '{""keyword"":""MATH"""
19,Victor Valley College,colleague_selfservice,L1,True,https://vvc-ss.colleague.elluciancloud.com/Student/Courses,"MATH (keyword=MATH, terms=[2026FA])","Term code format = YYYY + 2-letter season (2026FA = Fall 2026). Hosted on Ellucian Cloud (vvc-ss.colleague.elluciancloud.com), single-college district (VVC only, no shared portal).","requests.Session GET https://vvc-ss.colleague.elluciancloud.com/Student/Courses/Search?keyword=MATH&Terms=2026FA (bootstrap, sets antiforgery cookie); then POST JSON {""keyword"":""MATH"",""pageNumber"":1,""quantityPerPage"":50,""searchResultsView"":""SectionListing"",""terms"":[""2026FA""],""locations"":[]} to https://vvc-ss.colleague.elluciancloud.com/Student/Courses/PostSearchCriteria -> HTTP 200 JSON with Secti"
67,West Hills College Coalinga,colleague_selfservice,L1,True,https://ellucianssui.whccd.edu/Student/Courses,MATH 045,West Hills Community College District (WHCCD) shares one Colleague Self-Service portal (ellucianssui.whccd.edu) across West Hills College Coalinga and West Hills College Lemoore. Portal link found via westhillscollege.com/portal/. Campus/location filtering not fully verified within time budget -- would need the 'locations' array values per campus to split results.,"requests.Session GET https://ellucianssui.whccd.edu/Student/Courses/Search?keyword=MATH (bootstrap); POST JSON {""keyword"":""MATH"",""pageNumber"":1,""quantityPerPage"":30,""searchResultsView"":""SectionListing"",""terms"":[""2026/FA""]} to https://ellucianssui.whccd.edu/Student/Courses/PostSearchCriteria -> HTTP 200 JSON Sections[] with real rows (MATH 045 'Contemporary Math', Fall 2026, instructor Selim Alaa)."
146,West Hills College Lemoore,colleague_selfservice,L1,True,https://ellucianssui.whccd.edu/Student/Courses,MATH 045,West Hills Community College District (WHCCD) shares one Colleague Self-Service portal (ellucianssui.whccd.edu) across West Hills College Coalinga and West Hills College Lemoore. Portal link found via westhillscollege.com/portal/. Campus/location filtering not fully verified within time budget -- would need the 'locations' array values per campus to split results.,"requests.Session GET https://ellucianssui.whccd.edu/Student/Courses/Search?keyword=MATH (bootstrap); POST JSON {""keyword"":""MATH"",""pageNumber"":1,""quantityPerPage"":30,""searchResultsView"":""SectionListing"",""terms"":[""2026/FA""]} to https://ellucianssui.whccd.edu/Student/Courses/PostSearchCriteria -> HTTP 200 JSON Sections[] with real rows (MATH 045 'Contemporary Math', Fall 2026, instructor Selim Alaa)."
147,Woodland Community College,colleague_selfservice,L1,True,https://yc-self-service.yccd.edu/Student/Courses,MATH,Yuba Community College District (YCCD) shares one Colleague Self-Service portal (yc-self-service.yccd.edu) across Yuba College and Woodland Community College. Portal discovered via mgrep search 'Yuba College Woodland Community College class schedule search'. Campus/location split not verified within budget (would need 'locations' filter values per campus).,"requests.Session GET https://yc-self-service.yccd.edu/Student/Courses/Search?keyword=MATH (bootstrap); POST JSON {""keyword"":""MATH"",""pageNumber"":1,""quantityPerPage"":30,""searchResultsView"":""SectionListing"",""terms"":[""2026FA""]} to https://yc-self-service.yccd.edu/Student/Courses/PostSearchCriteria -> HTTP 200 JSON Sections[] with real rows, term 'Fall 2026'. Note: term code format here is '2026FA' (no"
90,Yuba College,colleague_selfservice,L1,True,https://yc-self-service.yccd.edu/Student/Courses,MATH,Yuba Community College District (YCCD) shares one Colleague Self-Service portal (yc-self-service.yccd.edu) across Yuba College and Woodland Community College. Portal discovered via mgrep search 'Yuba College Woodland Community College class schedule search'. Campus/location split not verified within budget (would need 'locations' filter values per campus).,"requests.Session GET https://yc-self-service.yccd.edu/Student/Courses/Search?keyword=MATH (bootstrap); POST JSON {""keyword"":""MATH"",""pageNumber"":1,""quantityPerPage"":30,""searchResultsView"":""SectionListing"",""terms"":[""2026FA""]} to https://yc-self-service.yccd.edu/Student/Courses/PostSearchCriteria -> HTTP 200 JSON Sections[] with real rows, term 'Fall 2026'. Note: term code format here is '2026FA' (no"
10,Columbia College,custom_html,L1,True,https://myapps.yosemite.edu/ccclasssearch/,MATH (CMATH-C2210 Calculus I),"ASP.NET WebForms app (myapps.yosemite.edu/ccclasssearch), Yosemite CCD shared by Columbia College and Modesto Junior College (cb_OtherCollege/txt_OtherCollege fields toggle between them). VIEWSTATE is reasonably small (~8KB) and not tied to prior session (fresh GET each time), so this is a deterministic 3-step template: GET page -> extract VIEWSTATE/EVENTVALIDATION -> POST search (captures new ses","curl GET ccclasssearch/ -> 200, extract __VIEWSTATE(7972 chars)/__VIEWSTATEGENERATOR/__EVENTVALIDATION; curl -b jar -c jar -X POST ccclasssearch/ --data 'ddl_Term=2026CFA&lb_Subject=CMATH&btn_Submit=Search&__VIEWSTATE=...' -> HTTP 302 to SearchResult.aspx + Set-Cookie ASP.NET_SessionId; curl -b jar GET ccclasssearch/SearchResult.aspx -> HTTP 200 HTML table with real rows e.g. CMATH-C2210 Calculus "
52,Modesto Junior College,custom_html,L1,True,https://myapps.yosemite.edu/mjcclasssearch/,"MMATH (subject search, e.g. MMATH-101)","District: Yosemite CCD (Modesto Junior College + Columbia College) -- this app (myapps.yosemite.edu/mjcclasssearch) appears MJC-specific; Columbia College may have its own similarly-named app or share this one via a different Term/Subject list, not verified. Single postback is enough (no multi-step VIEWSTATE chain observed), so this is L1 rather than L2 despite being classic ASP.NET. Interestingly","python requests: GET https://myapps.yosemite.edu/mjcclasssearch/ -> 200 classic ASP.NET WebForms page; scrape __VIEWSTATE, __VIEWSTATEGENERATOR, __EVENTVALIDATION and dropdown option values (Term ddl_Term=2026MFA='MJC Fall 2026', Subject lb_Subject=MMATH). POST same URL with those hidden fields plus ctl00$ContentPlaceHolder1$ddl_Term=2026MFA, lb_Subject=MMATH, txt_CourseNo='', btn_Submit=Search ->"
13,Merritt College,custom_json,L1,True,https://merritt.edu/_hcms/api/searchFilterGraphql,"none specific; default query returned MM/DI, MM/AN, ART sections","Peralta CCD (Merritt, Laney, Berkeley City College, College of Alameda) shares a HubSpot-CMS-backed custom JSON API at each campus's own domain (e.g. laney.edu/_hcms/api/searchFilterGraphql also returns 200 with data). No cookies/tokens needed for the GET. Underlying HubDB table id 6398505/136709971 also exists but api.hubapi.com direct calls need an authenticated portalId.","curl -sL -A Mozilla/5.0 'https://merritt.edu/_hcms/api/searchFilterGraphql' -> 200 JSON {data.CRM.p_classes_collection.items[20]} with real section rows (class_nbr, instructor_name, times, enrl_stat). Query-string params (?subject=MATH) did not change results, so subject/course filtering likely requires a POST GraphQL body (not yet reverse-engineered) -> downgraded from L0 to L1."
139,Moorpark College,custom_json,L1,True,https://schedule.vcccd.edu/,"MATH (subject search, e.g. MATH M05)","District: Ventura County CCD (VCCCD) built a custom Django app (schedule.vcccd.edu, csrfmiddlewaretoken confirms Django) as a public wrapper in front of Banner data, shared by Moorpark College (site=1), Oxnard College (site=2), Ventura College (site=3) -- filter by site param, one shared portal for all 3 colleges. The legacy Banner-8-classic public page also still exists at https://ssb.vcccd.edu/p","python requests: GET https://schedule.vcccd.edu/ -> 200, gives csrftoken cookie + csrfmiddlewaretoken hidden input, plus hidden input term (value 202607 = current term) and site select (1=Moorpark, 2=Oxnard, 3=Ventura). POST https://schedule.vcccd.edu/filter/ with form data {csrfmiddlewaretoken, term:'202607', subject:'MATH', site:'1'} and header Referer -> HTTP 200 JSON {term:'Fall 2026', detail_"
54,San Diego City College,custom_json,L1,True,https://www.sdccd.edu/students/class-search/api/schedule-proxy.aspx,"MATH (district-wide, filter CAMPUS=CITY)","San Diego CCD district portal shared by all 3 colleges (City, Mesa, Miramar). Single API call returns ALL district sections; filter client-side by CAMPUS field (CITY/MESA/MIRA). Token endpoint requires a Referer header matching the site or you get a 403 from an upstream WAF (not auth-related, no cookie needed). Term codes look like PeopleSoft strm codes: 2267=Fall2026, 2273=Spring2027, 2257=Fall20","curl -sL -A ""Mozilla/5.0"" -H ""Referer: https://www.sdccd.edu/students/class-search/search.html"" ""https://www.sdccd.edu/students/class-search/api/schedule-token.aspx"" -> {""token"":""...""}; then curl -sL -A ""Mozilla/5.0"" -H ""X-Schedule-Token: <token>"" -H ""Referer: https://www.sdccd.edu/students/class-search/search.html"" ""https://www.sdccd.edu/students/class-search/api/schedule-proxy.aspx?term=2267&car"
101,San Diego Mesa College,custom_json,L1,True,https://www.sdccd.edu/students/class-search/api/schedule-proxy.aspx,"MATH (district-wide, filter CAMPUS=MESA)","San Diego CCD district portal shared by all 3 colleges (City, Mesa, Miramar). Single API call returns ALL district sections; filter client-side by CAMPUS field (CITY/MESA/MIRA). Token endpoint requires a Referer header matching the site or you get a 403 from an upstream WAF (not auth-related, no cookie needed). Term codes look like PeopleSoft strm codes: 2267=Fall2026, 2273=Spring2027, 2257=Fall20","curl -sL -A ""Mozilla/5.0"" -H ""Referer: https://www.sdccd.edu/students/class-search/search.html"" ""https://www.sdccd.edu/students/class-search/api/schedule-token.aspx"" -> {""token"":""...""}; then curl -sL -A ""Mozilla/5.0"" -H ""X-Schedule-Token: <token>"" -H ""Referer: https://www.sdccd.edu/students/class-search/search.html"" ""https://www.sdccd.edu/students/class-search/api/schedule-proxy.aspx?term=2267&car"
45,San Diego Miramar College,custom_json,L1,True,https://www.sdccd.edu/students/class-search/api/schedule-proxy.aspx,"MATH (district-wide, filter CAMPUS=MIRA)","San Diego CCD district portal shared by all 3 colleges (City, Mesa, Miramar). Single API call returns ALL district sections; filter client-side by CAMPUS field (CITY/MESA/MIRA). Token endpoint requires a Referer header matching the site or you get a 403 from an upstream WAF (not auth-related, no cookie needed). Term codes look like PeopleSoft strm codes: 2267=Fall2026, 2273=Spring2027, 2257=Fall20","curl -sL -A ""Mozilla/5.0"" -H ""Referer: https://www.sdccd.edu/students/class-search/search.html"" ""https://www.sdccd.edu/students/class-search/api/schedule-token.aspx"" -> {""token"":""...""}; then curl -sL -A ""Mozilla/5.0"" -H ""X-Schedule-Token: <token>"" -H ""Referer: https://www.sdccd.edu/students/class-search/search.html"" ""https://www.sdccd.edu/students/class-search/api/schedule-proxy.aspx?term=2267&car"
95,Ventura College,custom_json,L1,True,https://schedule.vcccd.edu/  (POST /filter/),"MATH (subject=MATH, site=3, term=202607)","Ventura County CCD (VCCCD) shares this one custom Django portal across 3 colleges via 'site' param: 1=Moorpark College, 2=Oxnard College, 3=Ventura College. Term code format YYYYNN where 07=Fall (202607=Fall 2026); subject codes are plain dept abbreviations (MATH, ACCT, etc.). CSRF token must be taken from the same session's page load (stale tokens from a different session fail with 403 'CSRF veri",curl -c jar -b jar https://schedule.vcccd.edu/ (extract csrfmiddlewaretoken from hidden input + csrftoken cookie set); curl -b jar -c jar -e https://schedule.vcccd.edu/ -H 'X-Requested-With: XMLHttpRequest' --data-urlencode csrfmiddlewaretoken=<token> --data-urlencode subject=MATH --data-urlencode site=3 --data-urlencode term=202607 https://schedule.vcccd.edu/filter/ -> HTTP 200 JSON with detail_i
61,Los Medanos College,vsb_4cd,L1,True,https://vsb.4cd.edu/api/class-data,MATH 220,"District: Contra Costa CCD (4CD) shares vsb.4cd.edu across Diablo Valley College (DVC), Los Medanos College (LMC), Contra Costa College (CCC) -- confirmed via this repo's own src/schedule/vsb_4cd.py and colleges.json, which already implement this exact provider. Term code = year + season suffix (spring=30, summer=10, fall=20), but the season labels appear off-by-one from calendar intuition (202630","curl -A 'Mozilla/5.0 ... AppleWebKit/537.36' 'https://vsb.4cd.edu/api/class-data?term=202630&course_0_0=MATH-220&va_0_0=&rq_0_0=&nouser=1&t=<minute-nonce>&e=<checksum>' -> HTTP 200 XML <classdata> with real sections (secNo 1678, teacher J. Guerrero-Gonzalez, os=3 open seats). The &t=/&e= params are a deterministic function of current time (t = floor(epoch_seconds/60) % 1000; e = t%3 + t%39 + t%42)"
105,Coastline Community College,banner_ssb_classic,L2,False,https://ssb-prod.ec.cccd.edu/PROD/pw_pub_sched.p_search,MATH,"Coast Community College District (CCCD) shared portal: college=CL (Coastline), GW (Golden West), OC (Orange Coast). Term codes: 202670=Fall2026, 202650=Summer2026, 202630=Winter/Spring2026. Oracle PL/SQL app (like Banner classic bwckschd but custom proc names pw_pub_sched.*); signature mismatch suggests exact array-arg encoding needed, not resolved within budget.","curl GET pw_pub_sched.p_search -> 200, form has duplicate hidden+select fields (dummy + real value pairs) suggesting Oracle PL/SQL table-type params; POST to pw_pub_sched.p_listthislist with TERM=202630&college=CL&sel_subj=(dummy,MATH)... -> HTTP 500 'Error occurred in Signature for procedure: pw_pub_sched.p_listthislist' both as single-value and duplicate-key POST"
6,College of the Sequoias,banner_ssb_classic,L2,False,https://banweb.cos.edu/prod/hzsched.p_search,MATH,"Same Oracle PL/SQL Banner-classic-like vendor pattern as CCCD (Coast CCD) - hzsched.* vs pw_pub_sched.* procedure names, identical form structure (dummy+select duplicate array params). Same signature-mismatch 500 error on both colleges suggests our array encoding for these multi-select params is still wrong (Oracle Web Toolkit table-type binding likely needs a different exact set/order of duplicat","curl GET hzsched.p_search -> 200, same duplicate hidden(dummy)+select-field pattern as CCCD (pw_pub_sched); POST and GET to hzsched.p_listthislist with TERM=202710&sel_subj=(dummy,MATH)&sel_day=%25... -> HTTP 500 'Error' both as POST and GET; only cookies present are AWS ALB routing cookies, no app session token"
74,Orange Coast College,banner_ssb_classic,L2,False,https://ssb-prod.ec.cccd.edu/PROD/pw_pub_sched.p_search?Term=202670&college=OC,MATH,"Coast Community College District (Orange Coast, Golden West, Coastline) shares one Banner-classic-style 'pw_' PL/SQL scheduler at ssb-prod.ec.cccd.edu, college codes OC/GW/CL. Family/fields fully identified via the GET form but the exact POST payload that avoids the Oracle no-data-found error was not found within the time budget - likely a missing/mis-set hidden field (aa/bb or a session-bound val","curl 'https://ssb-prod.ec.cccd.edu/PROD/pw_pub_sched.p_search?Term=202670&college=OC' -> 200, HTML form action=pw_pub_sched.p_listthislist with fields TERM, TERM_DESC, college, sel_subj (options incl MATH), sel_camp/sel_ism/sel_sess/sel_ptrm/sel_attrib (wildcard '%'), sel_day/sel_schd (checkbox groups, dummy placeholder + letter codes), begin_hh/mi/ap, end_hh/mi/ap, aa, bb; POSTing this form (plai"
64,Rio Hondo College,banner_ssb_classic,L2,False,https://ssb.riohondo.edu:8443/prodssb/pw_pub_sched.p_search,MATH,"Standalone district (Rio Hondo College, no shared district portal), same 'pw_' Banner-classic scheduler family as Coast CCD (Orange Coast College) and Ventura County CCD - this family is fiddly to replay via plain HTTP because the PL/SQL procedure signature (exact param names/order/count) must match exactly; got repeated Oracle errors rather than results within the time budget. This confirms banne","curl 'https://ssb.riohondo.edu:8443/prodssb/pw_pub_sched.p_search' -> 200, form fields TERM/TERM_DESC/sel_subj(incl MATH)/sel_day/sel_schd/sel_camp/sel_ism/sel_sess/sel_instr/sel_ptrm/sel_attrib/sel_crse/sel_crn/sel_title, action=pw_pub_sched.p_listthislist method=post; POSTing (both single-value and duplicate dummy+wildcard-per-field, matching the pattern seen in a working College-of-the-Sequoias"
70,Crafton Hills College,colleague_selfservice,L2,False,https://colss-prod.ec.sbccd.edu/Student/Courses/Search,MATH,"San Bernardino CCD (SBCCD) shared Colleague Self-Service instance (colss-prod.ec.sbccd.edu) covers Crafton Hills College and San Bernardino Valley College. Same signature and request schema as College of the Canyons (cc_id 140) which succeeded, but this instance rejects the request with a generic AJAX error even with correctly paired cookie+token - possibly requires an explicit terms[] value, a di","curl -c jar GET /Student/Courses/Search -> 200, Set-Cookie __RequestVerificationToken_L1N0dWRlbnQ1=<val>, extract matching __RequestVerificationToken form value; curl -b jar -X POST /Student/Courses/PostSearchCriteria -H '__RequestVerificationToken: <token>' -H 'Content-Type: application/json' -d '{subject:[MATH],pageNumber:1,...}' (same schema that worked at College of the Canyons) -> HTTP 302 re"
53,Mt. San Jacinto College,colleague_selfservice,L2,False,https://selfservice.msjc.edu/css/Student/Courses/Search,MATH,"Colleague Self-Service hosted at nonstandard path prefix /css/ (redirects /Student/Courses/* -> /css/Courses/*). Bootstrap/POST mechanism matches the family signature but consistently gets rejected even with a verified-correct payload, suggesting MSJC's instance may not allow anonymous/guest course search (login required) unlike Napa's. Treating as fragile/non-replayable without further auth inves","curl -c jar 'https://selfservice.msjc.edu/css/Student/Courses/Search' -> 200, sets .ColleagueSelfServiceAntiforgery cookie + __RequestVerificationToken; POST same cookie+token+header to '.../css/Student/Courses/PostSearchCriteria' with body {""Keyword"":""MATH""} (the exact shape confirmed working at Napa Valley's Colleague instance) -> still HTTP 302 Location: /css/Account/LogOff every time"
104,Cerritos College,custom_html,L2,False,http://www.cerritos.edu/schedule/courses.cgi,"MATH (Depts=MATH form field, Terms=1269 for Fall 2026)","Legacy Schedule Plus CGI system, distinct from the district's modern www.cerritos.edu ASP.NET site (which 404s on the same cgi path, suggesting the CGI backend lives on separate infrastructure or requires a session/referer the WAF checks for). Standalone college. Given the inconsistent 200/403/411/404 responses across attempts, replay looks technically possible (plain POST form, no visible CSRF to","GET http://www.cerritos.edu/schedule/ -> HTTP 200, plain <form method=post action=courses.cgi enctype=multipart/form-data> with Terms/Types/Online/Sessions/Depts checkboxes (Depts=MATH exists). POST to courses.cgi (both urlencoded and multipart) then returned HTTP 411 Length Required on http://, and HTTP 404 on https://; a follow-up plain GET to the same schedule page then returned HTTP 403 Forbid"
4,College of Marin,custom_html,L2,False,https://netapps.marin.edu/Apps/Directory/ScheduleSearch.aspx,MATH,"ASP.NET WebForms app (netapps.marin.edu), ~2MB VIEWSTATE per page load is unusually large - likely embeds full subject/term/campus option data. No server-side session cookie observed, so state is fully client-carried, but exact replay of the search postback not achieved. Term code format: YYYY+80 for fall (202680=Fall 2026) per repo system tag marin_colleague, though observed app looks like custom","curl GET ScheduleSearch.aspx -> 200, no cookies set (state fully in __VIEWSTATE, ~1.9MB base64 blob) + __EVENTVALIDATION (2440 chars); POST back same VIEWSTATE/EVENTVALIDATION with cboSubject=MATH&cboTerm=202680&imgbtnSearch.x/y=10 -> HTTP 500 'Error in /Apps/Directory Application' (exact cause not isolated within time budget - likely VIEWSTATE MAC or missing postback field)"
114,Diablo Valley College,custom_html,L2,False,https://webapps.4cd.edu/apps/courseschedulesearch/search-course.aspx?trm=2026SP&loc=dvc,MATH,"Contra Costa CCD (4CD) district webapp shared across DVC, Los Medanos College (LMC), and Contra Costa College (CCC) via loc= param (dvc/lmc/contracosta). Despite brief listing '4CD' under the vsb family signature, this specific app (courseschedulesearch/search-course.aspx) is classic ASP.NET WebForms postback, not Visual Schedule Builder - distinct from vsb.4cd.edu scraper mentioned in repo. repla","curl 'https://webapps.4cd.edu/apps/courseschedulesearch/search-course.aspx?trm=2026SP&loc=dvc&sdate=4-30-2026&o=y' -> 200, 28KB ASP.NET WebForms page with __VIEWSTATE/__VIEWSTATEGENERATOR/__EVENTVALIDATION/__EVENTTARGET hidden fields. No MATH sections visible in the initial GET response (page likely requires a postback with subject selection echoing VIEWSTATE) - did not attempt the postback chain "
55,Golden West College,custom_html,L2,False,https://ssb-prod.ec.cccd.edu/PROD/pw_pub_sched.p_search?Term=202670&college=GW,MATH,"Coast Community College District (CCCD) shares this Oracle PL/SQL-gateway schedule search across Golden West (GW), Orange Coast (OC), Coastline (CL) colleges - same host/procedure, only college= param differs. Term codes look like YYYYNN (202670=Fall2026, 202650=Summer2026, 202630=Winter/Spring2026). Not a real Banner8 bwckschd instance despite the URL-pattern similarity; likely needs PL/SQL array",curl 'https://ssb-prod.ec.cccd.edu/PROD/pw_pub_sched.p_search?Term=202670&college=GW' -> 200 HTML form (Term/college/sel_subj selects). POST to the form's real search action pw_pub_sched.p_listthislist with term/college/sel_subj=MATH (+ all 15 named params seen in the error trace) reproducibly returns HTTP 500 Oracle mod_plsql error 'wrong number or types of arguments in call to P_LISTTHISLIST' (O
137,Santa Monica College,custom_html,L2,False,https://classes.smc.edu/smc/r/home_pub/SCHEDULE-LANDING,MATH (subject id 175 'Mathematics'),"Oracle Application Express (APEX) app at classes.smc.edu/smc/... (URL shape /smc/r/<app>/<page>/... with a numeric ?session= instance id, form posts to wwv_flow.accept). This is the same opaque-postback shape called out in the brief for ASP.NET __VIEWSTATE chains: p_instance + p_page_submission_id + p_salt must be scraped fresh per session and echoed back exactly, and the site had no separate low-","curl -k -c jar 'https://classes.smc.edu/smc/r/home_pub/SCHEDULE-LANDING' -> 302 redirect to a fresh per-session URL '.../schedule-landing/home?session=<instance>', then GET of that page returns an Oracle APEX form (P1_SUBJECTS select, hidden p_flow_id/p_flow_step_id/p_instance/p_page_submission_id/p_salt bound to that session). POST to https://classes.smc.edu/smc/wwv_flow.accept with p_request=SUB"
43,Glendale Community College,peoplesoft,L2,False,https://psprd.glendale.edu/psc/guest/EMPLOYEE/HRMS/c/COMMUNITY_ACCESS.CLASS_SEARCH.GBL,MATH,"Single-college PeopleSoft instance (Glendale CCD, no district sharing found). Public guest access (no login) confirmed via /psc/guest/ site name - matches brief's PeopleSoft signature exactly. Per-session opaque state (ICSID/ICStateNum) means replay would need to echo these tokens across several postbacks -> L2 per brief definition.","curl -c jar https://psprd.glendale.edu/psc/guest/EMPLOYEE/HRMS/c/COMMUNITY_ACCESS.CLASS_SEARCH.GBL -> 200, 75KB HTML containing ICSID, ICStateNum, SSR_CLSRCH tokens and a form action posting back to the same GBL URL - classic PeopleSoft Campus Solutions guest class search. Did not attempt the multi-step ICAJAX postback chain to actually retrieve MATH sections within the time budget."
135,Long Beach City College,peoplesoft,L2,False,https://www.cs.lbcc.edu/psc/guest/EMPLOYEE/SA/c/SSR_STUDENT_FL.SSR_CLSRCH_MAIN_FL.GBL,MATH,"Two candidate systems: (1) apps.lbcc.edu/schedule/schedule.cfm - public-facing but appears client-side/JS-rendered (Drupal 'faceted-search-ui-form'), effectively L3 as tested; (2) cs.lbcc.edu PeopleSoft SSR_CLSRCH_MAIN_FL guest class search - real backend, standard PeopleSoft ICSID/ICStateNum multi-step chain expected (L2), needs the login-page GET first to harvest ICSID before POSTing search crit","curl -I 'https://www.cs.lbcc.edu/psc/guest/EMPLOYEE/SA/c/SSR_STUDENT_FL.SSR_CLSRCH_MAIN_FL.GBL' -> 405 (Allow: POST,GET) but sets PeopleSoft session cookies (PSJESSIONID, BIGipServer~PeopleSoft~pscsprd_pia) confirming a live PeopleSoft Fluid Class Search 'guest' node. Separately, curl -X POST 'https://apps.lbcc.edu/schedule/schedule.cfm' with keywords=MATH returned an unchanged 127KB Drupal page ("
3,Los Angeles City College,peoplesoft,L2,False,https://mycollege-guest.laccd.edu/psc/classsearchguest/EMPLOYEE/HRMS/c/COMMUNITY_ACCESS.CLASS_SEARCH.GBL?Campus=LACC&strm=2268,not posted (GET only),"LACCD (9 colleges) shares this single 'guest' PeopleSoft class-search app at mycollege-guest.laccd.edu, keyed by Campus= param per college and strm= (PeopleSoft term code, e.g. 2268). The old base_url in this repo's colleges.json (https://laccss-prod.ec.laccd.edu/Student/Courses/SearchResult, labelled 'banner') no longer resolves (DNS NXDOMAIN) - that Colleague-style host appears fully retired in ","curl (with Chrome-like UA + Accept header; bare curl UA got HTTP 403 from the WAF) 'https://www.lacc.edu/academics/class-schedules' -> 200, page links 'https://mycollege-guest.laccd.edu/psc/classsearchguest/EMPLOYEE/HRMS/c/COMMUNITY_ACCESS.CLASS_SEARCH.GBL?Campus=LACC&strm=2268'; GET on that URL -> 200, 67KB page containing ICSID and ICStateNum hidden fields (classic PeopleSoft multi-postback sign"
31,Los Angeles Harbor College,peoplesoft,L2,False,https://mycollege-guest.laccd.edu/psc/classsearchguest/EMPLOYEE/HRMS/c/COMMUNITY_ACCESS.CLASS_SEARCH.GBL?Campus=LAH&strm=2268,not tested,Same shared LACCD PeopleSoft guest portal as LACC/Mission/Pierce (see cc_id 3 notes). Campus code 'LAH' is inferred by naming convention (LACC='LACC' confirmed; Harbor commonly abbreviated LAH in LACCD systems) but was NOT independently confirmed by a working request in this pass - verify before relying on it.,"curl (Chrome UA) 'https://www.laccd.edu/students/class-search-lahc' -> 200, page links to 'https://mycollege-guest.laccd.edu/psp/classsearchguest/?cmd=login...' confirming the same district-wide PeopleSoft guest class-search app identified for LACC."
47,Los Angeles Mission College,peoplesoft,L2,False,https://mycollege-guest.laccd.edu/psc/classsearchguest/EMPLOYEE/HRMS/c/COMMUNITY_ACCESS.CLASS_SEARCH.GBL?Campus=LAM&strm=2268,not tested,"Exact schedule-of-classes landing page path for Mission not found within time budget (guessed paths 404'd); portal_url Campus code 'LAM' is an inferred guess by naming convention, not independently confirmed - same shared LACCD PeopleSoft guest app as cc_id 3.","curl 'https://www.lamission.edu/schedule' and '/academics/class-schedule' both 404'd directly, but both pages still reference 'https://mycollege.laccd.edu' in their nav chrome, consistent with district-wide PeopleSoft SSO/guest search shared with LACC/Harbor/Pierce."
86,Los Angeles Pierce College,peoplesoft,L2,False,https://mycollege-guest.laccd.edu/psc/classsearchguest/EMPLOYEE/HRMS/c/COMMUNITY_ACCESS.CLASS_SEARCH.GBL?Campus=LAP&strm=2268,not tested,"Same shared LACCD PeopleSoft guest portal as LACC/Harbor/Mission (see cc_id 3 notes). Campus code 'LAP' is an inferred guess by naming convention, not independently confirmed.","curl (Chrome UA) 'https://www.laccd.edu/students/class-search-lapc' -> 200, page links to the same 'https://mycollege-guest.laccd.edu/psp/classsearchguest/?cmd=login...' guest PeopleSoft class-search app used by LACC/Harbor. Direct piercecollege.edu schedule-page guesses 404'd."
130,Los Angeles Southwest College,peoplesoft,L2,False,https://mycollege.laccd.edu,not tested (blocked before reaching search form),"District: Los Angeles Community College District (LACCD), 9 colleges share one PeopleSoft Campus Solutions instance at csprd.laccd.edu behind ADFS SSO (mycollege.laccd.edu). Same finding applies to LA Trade-Tech and LA Valley College (see their entries). Would need to find the correct guest-access site/node (PeopleSoft site names vary, e.g. csprd_1 may not be the public-facing one) to attempt L1/L","curl -A Mozilla/5.0 https://mycollege.laccd.edu -> 302 to https://sso.laccd.edu/adfs/ls/idpinitiatedsignon.aspx?loginToRp=csprd.laccd.edu (ADFS SSO login). Direct guess of anonymous class-search node https://csprd.laccd.edu/psc/csprd_1/EMPLOYEE/HRMS/c/COMMUNITY_ACCESS.CLASS_SEARCH.GBL -> redirected to psc/csprd_1/?cmd=login (login wall), so guest/community-access class search is not enabled on thi"
25,Los Angeles Trade Technical College,peoplesoft,L2,False,https://mycollege.laccd.edu,not tested (blocked before reaching search form),"District: LACCD, shared PeopleSoft Campus Solutions (csprd.laccd.edu) behind SSO with 8 other LACCD colleges (incl. LA Southwest, LA Valley). See cc_id 130 entry for full evidence of the SSO/guest-access probe.","Same district portal as LA Southwest College: curl https://mycollege.laccd.edu -> 302 to ADFS SSO login (loginToRp=csprd.laccd.edu). College site lattc.edu returned HTTP 403 to curl for guessed schedule paths (/schedule, /admissions/class-schedule)."
44,Los Angeles Valley College,peoplesoft,L2,False,https://mycollege.laccd.edu,not tested (blocked before reaching search form),"District: LACCD, shared PeopleSoft Campus Solutions (csprd.laccd.edu) behind SSO with 8 other LACCD colleges (incl. LA Southwest, LA Trade-Tech). See cc_id 130 entry for full evidence of the SSO/guest-access probe.",Same district portal as LA Southwest College: curl https://mycollege.laccd.edu -> 302 to ADFS SSO login (loginToRp=csprd.laccd.edu). College site lavc.edu returned HTTP 403 to curl for guessed schedule paths and for /student-services/getting-connected.
124,Irvine Valley College,unknown,L2,False,https://mysite.socccd.edu/Portal/,not tested,"South Orange County CCD (SOCCCD) shares MySite portal with Saddleback College. Actual search backend not conclusively identified (looks ASP.NET/IIS-based, possibly Colleague WebAdvisor-era or a login-gated eservices tool); needs a follow-up pass finding the live JS/network calls from mysite.socccd.edu/eservices/ to pin down family.","curl -I 'https://mysite.socccd.edu/' -> 302 to /Portal/ -> 302 to /Portal/Login.aspx?ReturnUrl=%2FPortal%2F (ASP.NET/IIS login wall). A separate legacy help page https://mysite.socccd.edu/eservices/ClassSearchFormHelp.htm (200) documents a class-search form, but guessed ASP endpoint names under /eservices/ (ClassSearch.asp, ClassSchedule.asp, etc.) all 404'd. www.ivc.edu also links an Ellucian 'Ex"
83,College of the Redwoods,custom_html,L3,False,https://webadvisor.redwoods.edu/WAPROD/WebAdvisor?TYPE=P&PID=ST-XWESTS12A&CONSTITUENCY=WBST,MATH,"Legacy Ellucian WebAdvisor (predecessor to Colleague Self-Service), heavy client-side JS bootstrapping. Did not attempt to reverse-engineer the JS-generated request chain within time budget; likely ASP-style TOKENIDX/session chaining similar to L2/L3.","curl GET WebAdvisor entry URL -> 200 but body is an empty frameset shell requiring 'setWindowHTML()' JS onload and 'Javascript is currently disabled' noscript warning; page loads all real UI via client-side JS (Ellucian WebAdvisor classic), no server-rendered form fields present to POST against"
113,De Anza College,custom_html,L3,False,https://www.deanza.edu/schedule/,MATH,"Foothill-De Anza CCD sibling of Foothill College, but deanza.edu sits behind Cloudflare bot management that blocks non-browser HTTP clients outright (whole-domain 403), unlike foothill.edu which answered normally with the same UA and query-string GET pattern. If De Anza uses the same fh_sched-style app as Foothill, a browser-based bypass of the Cloudflare challenge would likely be required first.","curl -A 'Mozilla/5.0' -I https://www.deanza.edu/ -> HTTP 403 (Cloudflare, __cf_bm cookie challenge, cf-ray header). Entire deanza.edu domain blocked plain curl/requests with a generic browser UA; likely a JS/bot-management challenge. Could not reach the schedule search page at all."
68,Canada College,custom_json,L3,False,https://api.smccd.edu/v1/schedule/courses,MATH,"San Mateo County CCD (Canada, College of San Mateo, Skyline) shares api.smccd.edu/v1/schedule; all three colleges gated behind the same Basic Auth requirement, so treated as a login wall (L3) despite being a plain REST/JSON API in shape. The public-facing webschedule.smccd.edu site is a client-rendered Next.js app that does NOT expose raw search JSON to the browser (no public API route found); it ",curl https://api.smccd.edu/v1/schedule/courses?s=MATH&term_desc=Fall+2026&college_desc=canada+college&limit=5 -> HTTP 401 (HAL+JSON error body with a link to /courses); this repo's own smcccd_colleague.py provider requires SMCCD_API_USERNAME/SMCCD_API_PASSWORD HTTP Basic Auth env vars and raises ValueError without them -- confirms the API is not publicly accessible without a shared secret
97,Citrus College,custom_json,L3,False,https://apps.citruscollege.edu/live-class-schedule,MATH (subjects=MATH query param),Looks like a low-code app-builder (Retool-style) embed; the page ships column schema and filter option lists but the row data itself requires JS execution to fetch from a backend not discoverable via static HTML/curl within budget. Standalone college (no district sharing identified).,"curl https://apps.citruscollege.edu/live-class-schedule?subjects=MATH -> HTTP 200, 712KB HTML, but the class list is a client-rendered app-builder widget (embedded serialized table-column config with crn/course_info/section columns and Mathematics/MATH filter option, but zero actual row data in the static HTML). No API endpoint URL visible in the markup; data is fetched client-side after JS execut"
127,Skyline College,custom_json,L3,False,https://api.smccd.edu/v1/schedule/courses,MATH,"SMCCD (San Mateo County CCD) district shared by Skyline College, College of San Mateo (already in repo colleges.json, cc_id=5, same base_url) and Canada College. All three would share this same auth-gated endpoint and same blocker. Since the credential pair is not publicly obtainable through normal browsing (it's an issued API key per the docs, not embedded in a page we could find), this is effect","curl -k 'https://api.smccd.edu/v1/schedule/courses?s=MATH&limit=5' -> HTTP 401 {""error"":[{""message"":""Authentication required to access API.""}]}. The API's own Swagger spec (https://api.smccd.edu/v1/schedule/docs/specs.yaml) states plainly: 'The API requires basic authentication username and password pair to access the data.' This matches the repo's own src/schedule/smcccd_colleague.py, which alrea"
119,Taft College,pdf_only,L3,False,"unknown (Banner 9 SSB referenced as 'Cougar Tracks', host not found)",not tried,"West Kern CCD (single-college district, no shared portal). Bot-wall on main domain blocks plain HTTP scraping of HTML pages entirely; PDFs are directly fetchable. If SSB host is found later, treat as banner9_ssb per district norm.","Main site (taftcollege.edu, ct-prod-wp.taftcollege.edu) served a JS-only 'Client Challenge' bot-wall page (Fastly-style edge bot protection) for HTML pages, blocking discovery of the Banner9 SSB host via curl. Direct PDF fetch worked: curl -sL -A 'Mozilla/5.0' https://www.taftcollege.edu/admissions/accepted-students/register/Spring%202026%20Class%20Schedule.pdf -> HTTP 200 (schedule is PDF-publish"
108,MiraCosta College,peoplesoft,L3,False,https://surf.miracosta.edu/psc/ps/EMPLOYEE/SA/c/COMMUNITY_ACCESS.CLASS_SEARCH.GBL,not tested (blocked by login before search form),"MiraCosta calls its student portal 'SURF' (surf.miracosta.edu), built on Oracle PeopleSoft Campus Solutions, but gated behind Okta SSO -- no public guest class-search page found within the time budget. Static PDF schedules exist at miracosta.edu/academics/class-schedules-catalog/ as a fallback (not tested for completeness).",curl -A Mozilla/5.0 https://surf.miracosta.edu/ -> meta-refresh to /psc/ps/EMPLOYEE/SA/c/NUI_FRAMEWORK.PT_LANDINGPAGE.GBL (PeopleSoft signature). curl the guessed public class-search node https://surf.miracosta.edu/psc/ps/EMPLOYEE/SA/c/COMMUNITY_ACCESS.CLASS_SEARCH.GBL -> 200 but redirected to okta.miracosta.edu/login/login.htm?... (Okta SAML SSO login page). No anonymous/guest access node found.
91,West Los Angeles College,peoplesoft,L3,False,https://mycollege.laccd.edu/ -> redirects to https://sso.laccd.edu/adfs/... (ADFS login) -> csprd.laccd.edu (PeopleSoft Campus Solutions),not tried (blocked before reaching search form),"LACCD (9 colleges incl. WLAC share this district PeopleSoft/csprd.laccd.edu + ADFS SSO). Both the district site and campus site (wlac.edu) are behind an Azure WAF that returns 403 to plain curl requests entirely, independent of the login requirement -- a double blocker. WLAC's own class schedule is otherwise only published as PDF (Spring/Fall/Summer Schedule PDFs found under wlac.edu/sites/wlac.ed","curl -sL -A 'Mozilla/5.0' https://www.laccd.edu/students/class-search-lahc -> HTTP 403 body 'Blocked by Azure WAF' (also true for www.wlac.edu root, HTTP 403). curl -sL -A 'Mozilla/5.0' https://mycollege.laccd.edu/ -> HTTP 200 but final URL redirected to https://sso.laccd.edu/adfs/ls/idpinitiatedsignon.aspx?loginToRp=csprd.laccd.edu (Microsoft ADFS single-sign-on login page) -> confirms the People"
96,Chabot College,unknown,L3,False,unknown,not attempted (no public search endpoint found),"Shared Chabot-Las Positas CCD (CLPCCD) district portal used by both Chabot College and Las Positas College; the schedule-of-classes browse appears to be gated behind the MyPortal student login (Registration Dashboard), so treated as L3 pending discovery of a separate public course-search URL (mgrep --web was unavailable/erroring during this investigation window, limiting further discovery).","chabotcollege.edu/redirect/clpccd-student-registration.php -> meta refresh -> https://www.clpccd.org/tech/student-registration.php, whose page text instructs students to 'Go to MyPortal, Enter your W# and password, ... Open Registration Dashboard' to browse the Schedule of Classes and register -- no public/unauthenticated class-search link was found on either the Chabot College or CLPCCD (Chabot-L"
102,College of the Siskiyous,unknown,L3,False,https://experience.elluciancloud.com/cots549/,MATH,"mySiskiyous portal is Ellucian Experience wrapping (likely) Colleague, gated behind Microsoft SSO for all functions including class search - no public search page discovered. Only public artifact found is the static PDF schedule at siskiyous.edu/schedules/documents/schedule.pdf.",curl GET experience.elluciancloud.com/cots549/ -> 302/redirect chain ending at login.microsoftonline.com SAML2 sign-in page (Azure AD SSO); no anonymous access to class search found
133,Monterey Peninsula College,unknown,L3,False,https://mympc.mpc.edu/,not tested,"Old Banner-style WebReg system was retired mid-2025 in favor of a new SSO-gated portal ('Lobo Apps' -> 'MyMPC' tile), which was in an under-maintenance state during this probe so its SIS family (PeopleSoft/Colleague/Banner9) could not be fingerprinted. Login-gated regardless, so likely L2/L3. Worth re-checking mympc.mpc.edu once maintenance ends.",curl https://webreg.mpc.edu/ -> 200 'MPC WebReg Notice' page stating: 'Monterey Peninsula College has officially transitioned from the WebReg system to the new MyMPC portal ... WebReg is no longer functional as of Summer 2025 ... accessible through your Lobo Apps dashboard.' curl https://mympc.mpc.edu/ -> 200 'Under Maintenance' placeholder page (could not reach the actual search form to identify 
72,Gavilan College,banner9_ssb,unknown,False,unknown,MATH,"community.gavilan.edu/connect/ClassListing/ClassListingDisplay is a SEPARATE POST-based custom_html form (fields CourseName/CourseNumber/TermID, sort options include 'Price: Low to High') that appears to be a Community Education / non-credit continuing-ed catalog, NOT the credit class schedule - do not confuse the two. The actual credit schedule uses Banner Self-Service per official docs (BannerSe","curl https://www.gavilan.edu/student/online/tour/banner.php -> 200, mentions Banner Self Service and links to experience.elluciancloud.com but no concrete SSB hostname found in the page; tried guesses ssb.gavilan.edu, banner.gavilan.edu, my.gavilan.edu -> all failed to resolve (curl exit 6); www.gavilan.edu/StudentRegistrationSsb/... -> 404 (not hosted on main domain, similar to Feather River Coll"
30,College of the Desert,pdf_only,unknown,False,unknown,MATH,"Desert Community College District, single college. Registration likely happens through a login-gated self-service system behind mycod.php not reachable without auth; could not identify the underlying system (Banner/Colleague/PeopleSoft) within time budget - would need to search for the login redirect target.","Checked catalog-schedule/default.php, fall-schedule.php, register-for-classes.php, mycod.php - all link only to PDF schedule files (e.g. /_web-items/documents/pdf-files/schedules/2026-fall-schedule.pdf); no live search app link found, mycod.php appears to be a portal login gateway with no public content in the fetched HTML"
66,Santiago Canyon College,pdf_only,unknown,False,unknown,not tried (no live search widget found),"RSCCD (Rancho Santiago CCD) shares this district with Santa Ana College; the real registration system is presumably behind a login-gated MyPortal/self-service SSO (per rsccd.edu ITS docs mentioning 'Single Sign On - Self-Service Login' and 'WBMAIN' WebAdvisor-style manuals for faculty/students), which was not located as a public unauthenticated search endpoint. Recommend a follow-up pass specifica","curl -k 'https://www.sccollege.edu/academics/classschedule/' -> 200, page only offers 'View Summer'/'View Fall' PDF links (e.g. /uploads/academics/class_schedule/documents/Fall_2026_Schedule.pdf) and an 'Archived Schedules' PDF index -- no HTML search form or JS widget on the page itself. Looked for the RSCCD district self-service/WebAdvisor host (WBMAIN manuals reference a WebAdvisor-style system"
118,East Los Angeles College,peoplesoft,unknown,False,https://csprd.laccd.edu/,MATH,"Los Angeles CCD (LACCD) district-wide PeopleSoft Campus Solutions system (9 colleges incl. ELAC per brief). Could not locate the public unauthenticated class-search page within budget - the csprd host requires SSO login, and laccd.edu itself returns 403 to non-browser clients. Family is inferred as peoplesoft (per brief's known district mapping and PeopleSoft training docs found), but replay mecha","curl -A 'Mozilla/5.0' https://csprd.laccd.edu/ -> 302 redirect to https://sso.laccd.edu/adfs/ls/idpinitiatedsignon.aspx (ADFS login wall). curl https://www.laccd.edu/students/class-search-lahc -> 403; curl https://www.laccd.edu/pattern-library/class-schedule -> 403 (whole laccd.edu domain blocked plain curl requests, likely WAF/bot-management)."
112,Copper Mountain College,unknown,unknown,False,unknown,MATH,"Copper Mountain CCD publishes only PDF schedules found via search (cmccd.edu/wp-content/uploads/.../Summer-Fall-2025-FINAL...pdf). A MyCMC mobile portal app exists (apps.apple.com listing) implying some backend system, but its web equivalent could not be located within budget due to the WAF blocking automated requests to the main site. Would need browser-based investigation (out of scope for this ",curl to www.cmccd.edu/cmccd.edu marketing site returns HTTP 403 (WP Engine WAF block page) for admissions/register page; guessed subdomains selfservice/colss-prod.ec/banweb/webadvisor.cmccd.edu all failed DNS resolution
77,Laney College,unknown,unknown,False,unknown,not tested,"Full student registration goes through Peralta's PeopleSoft 'Campus Solutions' (SSO login required, peoplesoft family, L2/L3) per general documentation, but the public browse-only search tool mentioned in the news post is a separate, likely custom_json, integration whose endpoint needs more digging (try browser devtools/network tab in a follow-up, which this survey's rules disallow).","News post https://laney.edu/news/peralta-colleges-launch-new-class-search describes a 'no login required' redesigned class search across all 4 Peralta colleges + district site. Sibling-college pages (e.g. https://www.peralta.edu/coa-online-schedule?campus=Alameda for College of Alameda) render a custom widget (ids like #class-search-input, #subject, #times, classes prefixed 'laney-college-class-sc"
17,Merced College,unknown,unknown,False,unknown,not tested,Likely does have a live self-service search portal (PDFs reference a portal and Colleague-style 'Self-Service 2.0' faculty features doc) but the exact host was not found within the time budget. Worth a follow-up mgrep search specifically for 'Merced College WebAdvisor OR Colleague login URL'.,"mgrep --web found PDF class schedules on www.mccd.edu (e.g. Class-Schedule-Fall-2025-7.14.25.pdf) and a 'MC Portal User Guide' PDF referencing student self-service, but the guide's URLs are embedded as images (no extractable link text). Guessed hostnames (selfservice.mccd.edu, service.mccd.edu, colss-prod.ec.mccd.edu, webadvisor.mccd.edu, mymc.mccd.edu, portal.mccd.edu, banweb.mccd.edu, ssb.mccd.e"
63,Palo Verde College,unknown,unknown,False,unknown,MATH,Small single-college district (no shared district portal). Needs a follow-up mgrep search for the current portal path (site likely restructured); 'PVC SERVICES' link mentioned in search snippet was not resolved.,curl 'https://www.paloverde.edu/current-students/class-search.aspx' -> HTTP 404 (page moved/removed); did not find a working replacement URL within the time budget
87,Oxnard College,banner_ssb_classic,untested,False,https://ssb.vcccd.edu/prod/pw_alpha_sched.p_term_campus,MATH,"Ventura County CCD (Oxnard, Moorpark, Ventura College) shares ssb.vcccd.edu Banner-classic 'pw_alpha_sched' wizard (term -> campus -> subject-letter -> results, e.g. .../p_start_here?ltr_in=E&term_in=202407&campus_in=2 seen in search results as a plain GET, which hints the final step may be a stateless L0/L1 GET once term_in/campus_in/ltr_in are known) but multi-step field names beyond 'term' were","curl 'https://ssb.vcccd.edu/prod/pw_alpha_sched.p_term_campus' -> 200, term-selection form (action=pw_alpha_sched.p_term_campus, term options e.g. 202607=Fall 2026); curl -d 'term=202607' to the same URL -> 200 but returned the identical term-selection page rather than advancing to a campus-selection step, so the correct next-step field name was not identified in the time budget"
57,Santa Rosa Junior College,custom_html,untested,False,https://portal.santarosa.edu/SRWeb/MVC.Core2/ScheduleOfClasses2/Home/GetResults,MATH (discipline value 'MATH'),"Family is a custom ASP.NET MVC schedule app ('ScheduleOfClasses2') at portal.santarosa.edu, distinct from SRJC's separate WebAdvisor-era 'sr_scheduleofclasses.aspx' (classic ASP.NET, not probed) and a separate 'MVC.Core2/ScheduleOfClasses2/Section?termId=...&SectionNumber=...' detail-view URL pattern (also not probed). The Home/GetResults ajax endpoint likely needs more of the full field set seria","curl -k 'https://portal.santarosa.edu/SRWeb/MVC.Core2/ScheduleOfClasses2' -> 200, HTML search form (ASP.NET MVC, jquery.unobtrusive-ajax) with fields Parameters.Term (e.g. 20265=Summer2026, 20263=Spring2026), Parameters.Disciplines (e.g. MATH), form action='Home/GetResults' data-ajax-method='get'. GET https://portal.santarosa.edu/SRWeb/MVC.Core2/ScheduleOfClasses2/Home/GetResults?Parameters.Term=2"
145,Folsom Lake College,custom_json,untested,False,https://losrios.edu/academics/search-class-schedules,MATH,"Los Rios CCD (4 colleges: ARC, CRC, FLC, SCC) shares losrios.edu/academics/search-class-schedules with a college= param (query params strm=<termcode>,<label> and subject= observed from search-engine-indexed URLs, e.g. strm=1253,Spring 2025). Ran out of time budget to find the actual JSON/XHR API this SPA calls; would need browser devtools network trace to identify it. Backend is PeopleSoft Campus ","curl 'https://losrios.edu/academics/search-class-schedules?clearAll=true&strm=1258,Fall%202026&subject=MATH&college=FLC' -> 200, 232KB HTML but no MATH/section text found via grep - page appears to be a JS-rendered SPA (no data present in initial HTML, referenced /Content/js/igxdev.js custom bundle returned empty/0 bytes at that path). Backing SIS is PeopleSoft (ps.losrios.edu/student/signon.html,"
49,Pasadena City College,custom_json,untested,False,https://findclasses.pasadena.edu/,MATH,PCC also has 'LancerPoint' / Banner links (pasadena.edu/business-administrative-services/its/banner-links.php) suggesting Banner underneath findclasses.pasadena.edu's custom front-end. District: none (standalone). Needs page JS inspection to find the API base URL.,"curl 'https://findclasses.pasadena.edu/' -> HTTP 200, page references 'json' (client-side app, likely calling a JSON API); did not identify the specific API endpoint/params within the time budget"
65,Saddleback College,custom_json,untested,False,https://classes.socccd.edu/smartscheduleweb/index/1/S/20261/MarketingCode,MATH,"South Orange County CCD (Saddleback College, Irvine Valley College) shares one 'SmartSchedule.Web' custom class-search SPA at classes.socccd.edu, URL pattern /smartscheduleweb/index/<siteId>/S/<termCode>/MarketingCode (e.g. term 20261). Likely backed by a JSON API (custom_json) given the SPA architecture, but needs browser network-tab inspection (out of scope for this curl-only survey) to find the","curl 'https://classes.socccd.edu/smartscheduleweb/index/1/S/20261/MarketingCode' -> HTTP 200, an Angular/React SPA ('SmartSchedule.Web') referencing 'apiUrl'/'apiError' config keys; downloaded its 1.5MB main.<hash>.js bundle and grepped for '/api/...' literal paths and Redux action names (e.g. app/GlobalSearch/*) but the real REST endpoint path is built dynamically and was not isolated within the "
126,Sacramento City College,peoplesoft,untested,False,https://ps.losrios.edu/student/signon.html,MATH,"Los Rios CCD (Sacramento City College, American River College, Cosumnes River College, Folsom Lake College) shares one PeopleSoft instance at ps.losrios.edu. PeopleSoft public class search (if enabled) is usually at a /psc/ or /psp/ path with CLASS_SEARCH/SSR_CLSRCH component names - would need direct navigation to confirm whether an anonymous/guest search page exists versus login-only. Given the ","curl 'https://scc.losrios.edu/eservices' -> 200, links to 'https://ps.losrios.edu/student/signon.html' ('ps' = PeopleSoft Campus Solutions) confirming the peoplesoft family by hostname/path convention; did not attempt the ICSID/ICStateNum bootstrap or locate a public/guest class-search page within the time budget"
56,Palomar College,unknown,untested,False,unknown,MATH,"Standalone district (Palomar Community College District, single college). Needs direct navigation from palomar.edu to find the actual search app host/path before family can be determined.","mgrep --web found references to 'MyPalomar', 'Simple Class Search', 'Advanced Class Search', 'Schedule Builder' but no underlying system (Colleague/Banner) or direct portal URL within the time budget; no curl probes attempted"
