cc_ids,old_code,new_code,source,evidence
78 148 149,COM-1,COMM-C1000,rccd_crosswalk,rccd.edu/commoncoursenumbering: Currently Active; checked 2026-09-23
78 148 149,COM-1H,COMM-C1000H,rccd_crosswalk,rccd.edu/commoncoursenumbering: Currently Active; checked 2026-09-23
78 148 149,ENG-1A,ENGL-C1000,rccd_crosswalk,rccd.edu/commoncoursenumbering: Currently Active; checked 2026-09-23
78 148 149,ENG-1AH,ENGL-C1000H,rccd_crosswalk,rccd.edu/commoncoursenumbering: Currently Active; checked 2026-09-23
78 148 149,POL-1,POLS-C1000,rccd_crosswalk,rccd.edu/commoncoursenumbering: Currently Active; checked 2026-09-23
78 148 149,POL-1H,POLS-C1000H,rccd_crosswalk,rccd.edu/commoncoursenumbering: Currently Active; checked 2026-09-23
78 148 149,PSY-1,PSYC-C1000,rccd_crosswalk,rccd.edu/commoncoursenumbering: Currently Active; checked 2026-09-23
78 148 149,PSY-1H,PSYC-C1000H,rccd_crosswalk,rccd.edu/commoncoursenumbering: Currently Active; checked 2026-09-23
78 148 149,MAT-12,STAT-C1000,rccd_crosswalk,rccd.edu/commoncoursenumbering: Currently Active; checked 2026-09-23
78 148 149,MAT-12H,STAT-C1000H,rccd_crosswalk,rccd.edu/commoncoursenumbering: Currently Active; checked 2026-09-23
78 148 149,AHS-1,ARTH-C1100,rccd_crosswalk,rccd.edu/commoncoursenumbering: In Effect Summer 2026; checked 2026-09-23
78 148 149,AHS-1H,ARTH-C1100H,rccd_crosswalk,rccd.edu/commoncoursenumbering: In Effect Summer 2026; checked 2026-09-23
78 148 149,AHS-2,ARTH-C1200,rccd_crosswalk,rccd.edu/commoncoursenumbering: In Effect Summer 2026; checked 2026-09-23
78 148 149,AHS-2H,ARTH-C1200H,rccd_crosswalk,rccd.edu/commoncoursenumbering: In Effect Summer 2026; checked 2026-09-23
78 148 149,ECO-7,ECON-C2002,rccd_crosswalk,rccd.edu/commoncoursenumbering: In Effect Summer 2026; checked 2026-09-23
78 148 149,ECO-7H,ECON-C2002H,rccd_crosswalk,rccd.edu/commoncoursenumbering: In Effect Summer 2026; checked 2026-09-23
78 148 149,ECO-8,ECON-C2001,rccd_crosswalk,rccd.edu/commoncoursenumbering: In Effect Summer 2026; checked 2026-09-23
78 148 149,ECO-8H,ECON-C2001H,rccd_crosswalk,rccd.edu/commoncoursenumbering: In Effect Summer 2026; checked 2026-09-23
78 148 149,ENGL-1B,ENGL-C1003,rccd_crosswalk,rccd.edu/commoncoursenumbering: In Effect Summer 2026; checked 2026-09-23
78 148 149,ENGL-1BH,ENGL-C1003H,rccd_crosswalk,rccd.edu/commoncoursenumbering: In Effect Summer 2026; checked 2026-09-23
78 148 149,HIS-6,HIST-C1001,rccd_crosswalk,rccd.edu/commoncoursenumbering: In Effect Summer 2026; checked 2026-09-23
78 148 149,HIS-6H,HIST-C1001H,rccd_crosswalk,rccd.edu/commoncoursenumbering: In Effect Summer 2026; checked 2026-09-23
78 148 149,HIS-7,HIST-C1002,rccd_crosswalk,rccd.edu/commoncoursenumbering: In Effect Summer 2026; checked 2026-09-23
78 148 149,HIS-7H,HIST-C1002H,rccd_crosswalk,rccd.edu/commoncoursenumbering: In Effect Summer 2026; checked 2026-09-23
78 148 149,MAT-1A,MATH-C2210,rccd_crosswalk,rccd.edu/commoncoursenumbering: In Effect Summer 2026; checked 2026-09-23
78 148 149,MAT-1AH,MATH-C2210H,rccd_crosswalk,rccd.edu/commoncoursenumbering: In Effect Summer 2026; checked 2026-09-23
78 148 149,MAT-1B,MATH-C2220,rccd_crosswalk,rccd.edu/commoncoursenumbering: In Effect Summer 2026; checked 2026-09-23
